CSVFormatType;Spectrum2DComplex
SinglePrecision;True
DataLength;801                 
First;0,000000000000E+00
Delta;5,000000000000E-01
AxisUnit;Hz
AxisValueExists;1
Signals;3
Date;06/14/2023 13:15:11

Name;Signal 2;Signal 3;Signal 4
FunctionType;SpectrumFrfH1;SpectrumFrfH1;SpectrumFrfH1
FrfMode;H1;H1;H1
Unit;(m/s^2)/N;(m/s^2)/N;(m/s^2)/N
SpectralUnit;RMS;RMS;RMS
TimeWeighting;Hanning;Hanning;Hanning
NoiseBandWidth;1,5;1,5;1,5

';Signal 2 (Real);Signal 2 (Imag.);Signal 3 (Real);Signal 3 (Imag.);Signal 4 (Real);Signal 4 (Imag.)
';(m/s^2)/N;(m/s^2)/N;(m/s^2)/N;(m/s^2)/N;(m/s^2)/N;(m/s^2)/N
0,000000000000E+00;-3,061725E+01;0,000000E+00;-1,539884E+01;0,000000E+00;-8,932821E+01;0,000000E+00
5,000000000000E-01;-1,208014E+01;-2,286387E+00;-5,734186E+00;-2,634671E+00;-3,116034E+01;1,404515E+01
1,000000000000E+00;-1,844940E-01;5,119789E-02;2,526289E-01;2,414568E-01;7,837982E-01;6,611634E-01
1,500000000000E+00;-9,225018E-02;-3,835990E-02;3,534302E-02;1,305093E-02;4,000203E-01;-4,247867E-01
2,000000000000E+00;-2,455620E-02;-1,958477E-02;3,004242E-03;2,112083E-03;2,436431E-01;1,263091E-01
2,500000000000E+00;-1,207301E-02;-5,820575E-03;6,633186E-03;-6,987784E-04;1,904375E-02;1,050569E-01
3,000000000000E+00;-3,363678E-03;-2,474785E-03;-3,647844E-03;-2,497118E-03;-2,863255E-02;3,712388E-02
3,500000000000E+00;-1,933931E-03;2,680880E-04;-4,338133E-03;-1,951638E-03;-4,130260E-03;1,088752E-05
4,000000000000E+00;-2,443176E-03;-7,893570E-04;-3,001308E-03;-1,189899E-03;1,484531E-03;-9,579678E-03
4,500000000000E+00;-2,686774E-03;1,039749E-04;-3,188469E-03;-4,620408E-04;-8,897414E-04;-8,076753E-03
5,000000000000E+00;-4,120505E-03;9,858124E-04;-3,822678E-03;4,431919E-04;-7,007054E-03;-2,709227E-03
5,500000000000E+00;-4,110278E-03;8,514265E-04;-4,961633E-03;-4,211615E-05;-9,782020E-03;-1,377205E-03
6,000000000000E+00;-4,995415E-03;3,263168E-04;-5,994218E-03;-3,965063E-04;-8,791836E-03;-5,253344E-04
6,500000000000E+00;-6,233759E-03;1,470977E-04;-7,038050E-03;-2,490817E-04;-7,483530E-03;2,523676E-03
7,000000000000E+00;-6,985090E-03;1,343339E-04;-8,496449E-03;-2,019956E-04;-1,081701E-02;2,373134E-03
7,500000000000E+00;-7,725104E-03;-2,738660E-04;-1,019515E-02;3,411509E-04;-1,236459E-02;-3,051865E-05
8,000000000000E+00;-9,545797E-03;-8,176755E-05;-1,124010E-02;-2,075097E-04;-1,154597E-02;7,717550E-05
8,500000000000E+00;-1,018480E-02;2,354881E-04;-1,207288E-02;-9,578851E-04;-1,386441E-02;7,688975E-04
9,000000000000E+00;-1,116411E-02;1,240461E-03;-1,399099E-02;-6,734874E-04;-1,608973E-02;-7,129256E-04
9,500000000000E+00;-1,349191E-02;8,817013E-04;-1,711888E-02;8,023750E-04;-1,856129E-02;-6,015723E-04
1,000000000000E+01;-1,500242E-02;-1,463584E-04;-1,910961E-02;5,483273E-04;-2,231719E-02;-1,164499E-03
1,050000000000E+01;-1,693925E-02;-4,185910E-04;-2,139334E-02;2,401028E-04;-2,501195E-02;1,020412E-04
1,100000000000E+01;-1,920882E-02;2,812953E-04;-2,552704E-02;1,483466E-04;-2,828433E-02;4,344316E-04
1,150000000000E+01;-2,262331E-02;-1,244311E-04;-2,880354E-02;-1,227884E-04;-3,107035E-02;1,357361E-03
1,200000000000E+01;-2,503777E-02;-6,618053E-04;-3,334151E-02;5,616456E-04;-3,245119E-02;1,887844E-03
1,250000000000E+01;-2,762683E-02;1,933240E-04;-3,657985E-02;1,799929E-03;-3,636408E-02;-1,226840E-03
1,300000000000E+01;-3,219939E-02;1,552319E-03;-4,193382E-02;1,238726E-03;-4,460607E-02;-9,577805E-04
1,350000000000E+01;-3,630438E-02;1,500432E-03;-4,686258E-02;5,680909E-04;-5,078364E-02;2,247686E-03
1,400000000000E+01;-4,044855E-02;2,765877E-04;-5,340067E-02;5,923948E-04;-5,725743E-02;1,353843E-03
1,450000000000E+01;-4,547289E-02;-7,497844E-05;-6,209265E-02;1,478418E-03;-6,577376E-02;1,050119E-03
1,500000000000E+01;-5,153474E-02;4,265372E-04;-7,100371E-02;1,930356E-03;-7,894906E-02;2,232352E-03
1,550000000000E+01;-5,840290E-02;8,048306E-04;-8,043069E-02;1,464734E-03;-9,040039E-02;3,878657E-03
1,600000000000E+01;-6,750923E-02;2,164053E-03;-9,606958E-02;1,329258E-03;-1,069396E-01;5,808137E-03
1,650000000000E+01;-7,899319E-02;2,360222E-03;-1,123326E-01;2,586432E-03;-1,259538E-01;3,903675E-03
1,700000000000E+01;-9,052256E-02;1,571071E-03;-1,284136E-01;3,346471E-03;-1,447840E-01;2,769142E-03
1,750000000000E+01;-1,149899E-01;4,087416E-03;-1,663005E-01;6,359740E-03;-1,881824E-01;5,984230E-03
1,800000000000E+01;-1,437824E-01;6,321219E-03;-2,110012E-01;8,982690E-03;-2,399990E-01;1,105920E-02
1,850000000000E+01;-1,742025E-01;8,693038E-03;-2,587767E-01;1,268986E-02;-2,956883E-01;1,585504E-02
1,900000000000E+01;-2,367055E-01;1,722372E-02;-3,556856E-01;2,564752E-02;-4,095160E-01;2,906516E-02
1,950000000000E+01;-3,592527E-01;2,827758E-02;-5,469151E-01;4,446266E-02;-6,349985E-01;5,029333E-02
2,000000000000E+01;-6,442521E-01;9,166299E-02;-9,959052E-01;1,436965E-01;-1,161721E+00;1,674295E-01
2,050000000000E+01;1,581737E-01;3,293765E-01;2,697314E-01;5,208823E-01;3,246813E-01;6,124902E-01
2,100000000000E+01;8,451095E-01;1,677936E-01;1,355740E+00;2,664473E-01;1,603132E+00;3,122569E-01
2,150000000000E+01;4,668186E-01;3,986116E-02;7,580532E-01;6,362522E-02;9,028259E-01;7,385735E-02
2,200000000000E+01;3,368100E-01;2,076042E-02;5,539562E-01;3,418769E-02;6,638788E-01;3,810165E-02
2,250000000000E+01;2,334567E-01;8,484235E-03;3,919232E-01;1,415138E-02;4,736007E-01;1,488189E-02
2,300000000000E+01;1,838109E-01;3,893789E-03;3,141461E-01;6,544938E-03;3,825878E-01;7,343531E-03
2,350000000000E+01;1,515588E-01;2,770116E-03;2,647979E-01;4,724080E-03;3,247116E-01;4,866309E-03
2,400000000000E+01;1,386722E-01;2,035612E-03;2,457832E-01;2,872817E-03;3,028144E-01;3,156209E-03
2,450000000000E+01;1,216095E-01;2,212607E-03;2,202760E-01;2,149078E-03;2,740562E-01;2,862442E-03
2,500000000000E+01;1,015182E-01;3,037297E-03;1,908450E-01;3,720000E-03;2,409216E-01;3,333907E-03
2,550000000000E+01;9,325042E-02;1,780317E-03;1,799371E-01;2,053558E-03;2,283140E-01;1,600218E-03
2,600000000000E+01;8,552924E-02;1,205591E-03;1,686458E-01;1,431015E-03;2,145780E-01;8,678683E-04
2,650000000000E+01;7,999626E-02;9,577691E-04;1,608300E-01;1,236549E-03;2,072479E-01;1,176946E-03
2,700000000000E+01;7,051519E-02;8,469688E-04;1,482388E-01;2,216028E-03;1,939718E-01;3,169917E-03
2,750000000000E+01;6,715791E-02;1,216840E-04;1,425094E-01;1,544420E-03;1,877432E-01;2,332749E-03
2,800000000000E+01;6,195658E-02;9,214920E-06;1,368316E-01;4,988958E-04;1,812501E-01;1,530481E-03
2,850000000000E+01;5,628346E-02;4,689988E-05;1,305740E-01;4,798731E-04;1,747819E-01;3,953457E-04
2,900000000000E+01;5,308727E-02;6,091763E-04;1,269898E-01;4,541531E-04;1,705061E-01;4,702920E-04
2,950000000000E+01;4,994784E-02;8,273001E-04;1,236296E-01;2,759364E-04;1,668133E-01;-9,421333E-05
3,000000000000E+01;4,661154E-02;5,674738E-04;1,199164E-01;2,439073E-04;1,641512E-01;-1,628441E-04
3,050000000000E+01;4,248689E-02;7,309451E-04;1,151485E-01;7,177063E-04;1,601387E-01;-5,422472E-04
3,100000000000E+01;3,891910E-02;8,204830E-04;1,122170E-01;-1,061958E-05;1,579170E-01;-1,469848E-04
3,150000000000E+01;3,575946E-02;7,724210E-04;1,098137E-01;6,349081E-04;1,549497E-01;1,431342E-03
3,200000000000E+01;3,330964E-02;8,719839E-04;1,073698E-01;1,941731E-03;1,528103E-01;2,975532E-03
3,250000000000E+01;3,026987E-02;1,617106E-03;1,043918E-01;2,490685E-03;1,512295E-01;4,424237E-03
3,300000000000E+01;2,861780E-02;1,263638E-03;1,045186E-01;2,059489E-03;1,531709E-01;2,505777E-03
3,350000000000E+01;2,552419E-02;5,720432E-04;1,030738E-01;8,606836E-04;1,536449E-01;2,734775E-04
3,400000000000E+01;2,260795E-02;3,787359E-04;1,009202E-01;1,670131E-04;1,527282E-01;-8,248958E-04
3,450000000000E+01;2,047082E-02;2,789662E-04;9,928974E-02;-1,805339E-04;1,514202E-01;-9,997021E-04
3,500000000000E+01;1,789028E-02;3,903370E-04;9,804916E-02;-4,056457E-04;1,504685E-01;-2,397865E-03
3,550000000000E+01;1,588668E-02;1,620300E-04;9,709002E-02;-4,975711E-04;1,503170E-01;-2,544073E-03
3,600000000000E+01;1,340802E-02;3,431765E-04;9,546208E-02;-4,362891E-04;1,510661E-01;-2,194217E-03
3,650000000000E+01;1,013827E-02;2,698371E-04;9,408902E-02;-9,065011E-04;1,514120E-01;-1,012222E-03
3,700000000000E+01;8,295661E-03;4,572694E-04;9,262904E-02;-7,097296E-04;1,511271E-01;-1,058097E-03
3,750000000000E+01;5,590849E-03;9,849835E-04;9,136155E-02;6,620734E-04;1,510808E-01;2,455861E-04
3,800000000000E+01;2,996057E-03;9,441482E-04;9,072923E-02;5,132394E-04;1,521766E-01;3,023575E-04
3,850000000000E+01;2,313741E-04;6,965414E-04;8,963531E-02;-5,390079E-04;1,529610E-01;-2,610523E-04
3,900000000000E+01;-1,927499E-03;5,471145E-04;8,911078E-02;-1,111849E-03;1,536347E-01;-1,409063E-03
3,950000000000E+01;-5,678913E-03;5,430648E-04;8,767129E-02;-1,063738E-03;1,549824E-01;-2,218667E-03
4,000000000000E+01;-7,412347E-03;5,796655E-04;8,720344E-02;-1,110211E-03;1,564367E-01;-2,089535E-03
4,050000000000E+01;-1,039559E-02;6,013947E-04;8,647793E-02;-1,580634E-03;1,572936E-01;-2,217371E-03
4,100000000000E+01;-1,402062E-02;9,696532E-04;8,519845E-02;-1,375932E-03;1,588169E-01;-2,468095E-03
4,150000000000E+01;-1,522445E-02;9,939235E-04;8,531768E-02;-1,104839E-03;1,594189E-01;-2,420441E-03
4,200000000000E+01;-1,871181E-02;9,696354E-04;8,379454E-02;1,685936E-04;1,589189E-01;-1,126832E-03
4,250000000000E+01;-2,232478E-02;6,158433E-04;8,315150E-02;-2,962250E-04;1,627771E-01;-1,138888E-03
4,300000000000E+01;-2,451920E-02;9,260673E-04;8,292257E-02;-8,587546E-04;1,646124E-01;-1,691526E-03
4,350000000000E+01;-2,816093E-02;1,169735E-03;8,308457E-02;-1,310891E-03;1,669398E-01;-2,323977E-03
4,400000000000E+01;-3,114408E-02;1,112345E-03;8,324192E-02;-1,164629E-03;1,693211E-01;-2,491773E-03
4,450000000000E+01;-3,406703E-02;1,289084E-03;8,249512E-02;-7,827040E-04;1,722078E-01;-3,178184E-03
4,500000000000E+01;-3,711342E-02;1,488664E-03;8,211002E-02;-8,787197E-04;1,744063E-01;-2,851642E-03
4,550000000000E+01;-4,266773E-02;2,316616E-03;8,175464E-02;-1,968007E-03;1,780679E-01;-4,276940E-03
4,600000000000E+01;-4,544202E-02;2,368188E-03;8,155591E-02;-1,853561E-03;1,800362E-01;-4,852536E-03
4,650000000000E+01;-5,026864E-02;2,279794E-03;7,966141E-02;-2,063058E-03;1,834819E-01;-5,446026E-03
4,700000000000E+01;-5,329278E-02;2,828149E-03;7,933713E-02;-2,170800E-03;1,857814E-01;-6,145220E-03
4,750000000000E+01;-5,635310E-02;3,093172E-03;7,957073E-02;-2,423458E-03;1,890617E-01;-6,267413E-03
4,800000000000E+01;-6,124550E-02;2,582452E-03;7,956583E-02;-2,339188E-03;1,931185E-01;-6,520889E-03
4,850000000000E+01;-6,635534E-02;4,016215E-03;7,921368E-02;-3,180145E-03;1,967511E-01;-7,919012E-03
4,900000000000E+01;-7,113589E-02;5,611613E-03;7,826851E-02;-4,145013E-03;2,006328E-01;-9,604849E-03
4,950000000000E+01;-7,600188E-02;5,632774E-03;7,823740E-02;-3,764713E-03;2,056015E-01;-9,258704E-03
5,000000000000E+01;-8,096336E-02;6,010083E-03;7,740992E-02;-3,702967E-03;2,089646E-01;-1,020918E-02
5,050000000000E+01;-8,464994E-02;6,502116E-03;7,678129E-02;-4,164018E-03;2,120472E-01;-1,151484E-02
5,100000000000E+01;-9,144489E-02;7,456088E-03;7,615276E-02;-4,416921E-03;2,175363E-01;-1,245992E-02
5,150000000000E+01;-9,501746E-02;7,932029E-03;7,556927E-02;-4,887389E-03;2,201617E-01;-1,324039E-02
5,200000000000E+01;-1,011489E-01;9,260905E-03;7,350376E-02;-5,421993E-03;2,242899E-01;-1,556563E-02
5,250000000000E+01;-1,066228E-01;9,270077E-03;7,205899E-02;-5,117199E-03;2,279548E-01;-1,495937E-02
5,300000000000E+01;-1,120102E-01;9,148223E-03;7,138775E-02;-4,423817E-03;2,323710E-01;-1,404023E-02
5,350000000000E+01;-1,177189E-01;8,895447E-03;7,068003E-02;-4,064902E-03;2,375720E-01;-1,332239E-02
5,400000000000E+01;-1,235583E-01;8,558015E-03;6,988728E-02;-4,009979E-03;2,426581E-01;-1,314783E-02
5,450000000000E+01;-1,306813E-01;8,805201E-03;6,955069E-02;-3,786277E-03;2,491052E-01;-1,272022E-02
5,500000000000E+01;-1,392774E-01;9,247438E-03;6,949410E-02;-3,410468E-03;2,571906E-01;-1,348512E-02
5,550000000000E+01;-1,508344E-01;9,962749E-03;6,882700E-02;-2,982683E-03;2,686668E-01;-1,253660E-02
5,600000000000E+01;-1,578202E-01;9,602640E-03;6,815758E-02;-2,605653E-03;2,759950E-01;-1,203250E-02
5,650000000000E+01;-1,690272E-01;9,126039E-03;6,738721E-02;-2,145292E-03;2,870836E-01;-1,112486E-02
5,700000000000E+01;-1,777861E-01;9,688573E-03;6,732783E-02;-2,062580E-03;2,949266E-01;-1,176691E-02
5,750000000000E+01;-1,900799E-01;1,081356E-02;6,671297E-02;-2,077137E-03;3,064340E-01;-1,293848E-02
5,800000000000E+01;-2,047286E-01;1,109835E-02;6,539823E-02;-2,074395E-03;3,214604E-01;-1,386260E-02
5,850000000000E+01;-2,147498E-01;1,169344E-02;6,510969E-02;-1,933244E-03;3,322155E-01;-1,425851E-02
5,900000000000E+01;-2,286334E-01;1,174925E-02;6,526008E-02;-1,399937E-03;3,462887E-01;-1,431257E-02
5,950000000000E+01;-2,492830E-01;1,074126E-02;6,458271E-02;-1,055228E-03;3,672714E-01;-1,267697E-02
6,000000000000E+01;-2,703589E-01;1,021134E-02;6,385030E-02;-1,049291E-03;3,897386E-01;-1,070398E-02
6,050000000000E+01;-2,776096E-01;1,468977E-02;6,285002E-02;-2,252334E-03;3,962520E-01;-1,702057E-02
6,100000000000E+01;-3,028640E-01;2,065097E-02;6,117789E-02;-2,734272E-03;4,202236E-01;-2,378498E-02
6,150000000000E+01;-3,250555E-01;2,537022E-02;6,035183E-02;-3,015101E-03;4,434947E-01;-2,879282E-02
6,200000000000E+01;-3,492970E-01;3,152351E-02;5,801007E-02;-3,211480E-03;4,685661E-01;-3,637580E-02
6,250000000000E+01;-3,649521E-01;3,623563E-02;5,527578E-02;-3,398794E-03;4,827282E-01;-4,125594E-02
6,300000000000E+01;-4,001935E-01;3,022034E-02;5,261397E-02;-2,506453E-03;5,175395E-01;-3,317293E-02
6,350000000000E+01;-4,321686E-01;2,983474E-02;5,115439E-02;-1,813095E-03;5,517292E-01;-3,236721E-02
6,400000000000E+01;-4,559896E-01;3,355354E-02;5,001171E-02;-1,590262E-03;5,770562E-01;-3,646807E-02
6,450000000000E+01;-5,321430E-01;4,394272E-02;4,621984E-02;-1,707208E-03;6,557272E-01;-4,728276E-02
6,500000000000E+01;-5,746695E-01;4,964769E-02;4,353242E-02;-1,372617E-03;6,995252E-01;-5,407498E-02
6,550000000000E+01;-6,416809E-01;6,063235E-02;3,920476E-02;-1,374463E-03;7,692584E-01;-6,566460E-02
6,600000000000E+01;-6,997026E-01;8,369813E-02;3,546637E-02;-1,226594E-03;8,291402E-01;-8,954752E-02
6,650000000000E+01;-8,171217E-01;1,260884E-01;2,836960E-02;-6,392708E-04;9,518391E-01;-1,349463E-01
6,700000000000E+01;-8,778155E-01;1,729636E-01;2,296370E-02;-4,930798E-05;1,013633E+00;-1,844414E-01
6,750000000000E+01;-9,449266E-01;1,823292E-01;1,502348E-02;9,230795E-04;1,081794E+00;-1,947107E-01
6,800000000000E+01;-1,133040E+00;2,097654E-01;2,391414E-03;3,663702E-03;1,277345E+00;-2,232620E-01
6,850000000000E+01;-1,447861E+00;2,991460E-01;-1,965466E-02;7,755831E-03;1,605700E+00;-3,172892E-01
6,900000000000E+01;-1,617362E+00;3,673295E-01;-3,214693E-02;1,186923E-02;1,782273E+00;-3,893668E-01
6,950000000000E+01;-1,988958E+00;5,634721E-01;-5,941801E-02;2,389225E-02;2,169792E+00;-5,953761E-01
7,000000000000E+01;-2,874527E+00;1,095699E+00;-1,242716E-01;5,740965E-02;3,094848E+00;-1,152258E+00
7,050000000000E+01;-3,735126E+00;2,252341E+00;-1,892787E-01;1,352581E-01;3,993715E+00;-2,364734E+00
7,100000000000E+01;-1,560332E+00;6,027439E+00;-5,455158E-02;4,077110E-01;1,708883E+00;-6,312567E+00
7,150000000000E+01;3,706816E+00;6,621427E+00;3,068354E-01;4,723419E-01;-3,807094E+00;-6,924720E+00
7,200000000000E+01;3,998690E+00;2,599942E+00;3,451366E-01;1,979222E-01;-4,106400E+00;-2,712867E+00
7,250000000000E+01;2,959933E+00;1,075462E+00;2,809259E-01;8,982055E-02;-3,016356E+00;-1,118010E+00
7,300000000000E+01;2,452720E+00;7,381514E-01;2,485122E-01;6,532243E-02;-2,485188E+00;-7,656914E-01
7,350000000000E+01;2,044574E+00;4,804928E-01;2,242341E-01;4,662687E-02;-2,057227E+00;-4,971497E-01
7,400000000000E+01;1,620057E+00;2,629164E-01;1,992787E-01;2,759114E-02;-1,613086E+00;-2,703854E-01
7,450000000000E+01;1,433627E+00;1,972471E-01;1,872353E-01;2,100191E-02;-1,418122E+00;-2,022400E-01
7,500000000000E+01;1,257341E+00;1,346034E-01;1,758110E-01;1,434959E-02;-1,233887E+00;-1,374850E-01
7,550000000000E+01;1,129642E+00;9,950959E-02;1,673468E-01;1,091750E-02;-1,100743E+00;-1,010187E-01
7,600000000000E+01;1,046854E+00;7,903620E-02;1,617003E-01;9,023613E-03;-1,015456E+00;-7,998952E-02
7,650000000000E+01;9,268857E-01;5,798643E-02;1,536041E-01;6,162949E-03;-8,915468E-01;-5,919141E-02
7,700000000000E+01;8,704621E-01;4,811027E-02;1,498112E-01;5,210710E-03;-8,330990E-01;-4,953944E-02
7,750000000000E+01;7,982646E-01;4,166528E-02;1,449708E-01;4,559559E-03;-7,579628E-01;-4,202789E-02
7,800000000000E+01;7,411735E-01;3,271133E-02;1,415362E-01;3,342343E-03;-6,993819E-01;-3,207534E-02
7,850000000000E+01;7,000876E-01;3,044229E-02;1,389405E-01;2,834609E-03;-6,568152E-01;-2,930995E-02
7,900000000000E+01;6,546938E-01;2,585070E-02;1,359739E-01;2,625666E-03;-6,100315E-01;-2,464927E-02
7,950000000000E+01;6,275969E-01;2,367511E-02;1,341283E-01;2,630831E-03;-5,826189E-01;-2,299860E-02
8,000000000000E+01;5,655891E-01;2,853007E-02;1,297528E-01;3,709359E-03;-5,197103E-01;-2,840924E-02
8,050000000000E+01;5,480723E-01;5,082329E-02;1,292357E-01;6,307458E-03;-5,020419E-01;-5,199375E-02
8,100000000000E+01;5,671417E-01;4,729676E-02;1,334606E-01;5,589121E-03;-5,231811E-01;-4,795178E-02
8,150000000000E+01;5,507796E-01;2,242461E-02;1,329654E-01;2,654084E-03;-5,069608E-01;-2,185621E-02
8,200000000000E+01;5,145997E-01;1,463181E-02;1,299742E-01;1,386525E-03;-4,697295E-01;-1,304055E-02
8,250000000000E+01;4,987645E-01;1,350792E-02;1,294277E-01;1,128273E-03;-4,534779E-01;-1,250444E-02
8,300000000000E+01;4,785858E-01;1,218209E-02;1,283302E-01;9,874000E-04;-4,337121E-01;-1,131513E-02
8,350000000000E+01;4,610595E-01;1,134740E-02;1,273301E-01;1,116598E-03;-4,172487E-01;-1,057268E-02
8,400000000000E+01;4,477257E-01;1,009868E-02;1,273197E-01;1,037790E-03;-4,043684E-01;-9,189080E-03
8,450000000000E+01;4,343343E-01;9,669498E-03;1,271307E-01;1,133330E-03;-3,909361E-01;-8,612405E-03
8,500000000000E+01;4,240889E-01;9,327930E-03;1,266244E-01;8,311416E-04;-3,811057E-01;-8,288091E-03
8,550000000000E+01;4,073052E-01;7,864238E-03;1,264443E-01;5,876358E-04;-3,652560E-01;-6,349367E-03
8,600000000000E+01;4,010348E-01;7,240783E-03;1,268138E-01;6,793207E-04;-3,596770E-01;-5,876175E-03
8,650000000000E+01;3,909003E-01;7,392189E-03;1,270625E-01;1,058500E-03;-3,501601E-01;-6,244846E-03
8,700000000000E+01;3,779098E-01;6,521587E-03;1,265880E-01;8,279486E-04;-3,381830E-01;-5,404925E-03
8,750000000000E+01;3,720191E-01;6,062304E-03;1,263430E-01;7,872376E-04;-3,330170E-01;-4,940655E-03
8,800000000000E+01;3,623758E-01;5,301946E-03;1,263074E-01;6,073107E-04;-3,236605E-01;-3,625094E-03
8,850000000000E+01;3,544734E-01;5,001733E-03;1,266730E-01;3,255977E-04;-3,166176E-01;-3,416304E-03
8,900000000000E+01;3,456445E-01;5,337936E-03;1,272665E-01;-1,042421E-04;-3,092713E-01;-3,653397E-03
8,950000000000E+01;3,384775E-01;5,229205E-03;1,272977E-01;-1,348145E-05;-3,025717E-01;-3,493095E-03
9,000000000000E+01;3,320834E-01;4,731556E-03;1,274678E-01;4,707160E-04;-2,975056E-01;-3,173719E-03
9,050000000000E+01;3,254354E-01;4,635754E-03;1,279773E-01;8,938797E-04;-2,919655E-01;-3,134613E-03
9,100000000000E+01;3,206738E-01;4,243013E-03;1,285056E-01;5,637496E-04;-2,879768E-01;-3,054612E-03
9,150000000000E+01;3,147914E-01;3,811879E-03;1,287489E-01;4,875517E-04;-2,832070E-01;-2,714616E-03
9,200000000000E+01;3,078126E-01;4,229826E-03;1,295284E-01;1,605748E-04;-2,770000E-01;-2,265827E-03
9,250000000000E+01;3,029068E-01;4,168152E-03;1,301822E-01;8,985723E-05;-2,731785E-01;-2,019300E-03
9,300000000000E+01;2,975911E-01;3,913084E-03;1,300574E-01;-1,730379E-04;-2,695771E-01;-1,590675E-03
9,350000000000E+01;2,927372E-01;4,038165E-03;1,309188E-01;3,718817E-05;-2,662936E-01;-1,243293E-03
9,400000000000E+01;2,882074E-01;3,470566E-03;1,318630E-01;2,458451E-04;-2,630138E-01;-1,434786E-03
9,450000000000E+01;2,840649E-01;3,431462E-03;1,323095E-01;2,672973E-05;-2,596294E-01;-1,638939E-03
9,500000000000E+01;2,791264E-01;4,005819E-03;1,331923E-01;-2,368077E-04;-2,558072E-01;-2,007387E-03
9,550000000000E+01;2,743444E-01;3,716994E-03;1,335860E-01;-3,653210E-04;-2,528312E-01;-1,541259E-03
9,600000000000E+01;2,703093E-01;3,388136E-03;1,340914E-01;-4,131460E-04;-2,502362E-01;-1,009426E-03
9,650000000000E+01;2,664953E-01;3,486039E-03;1,347332E-01;-4,713893E-04;-2,478212E-01;-1,264671E-03
9,700000000000E+01;2,620196E-01;3,593036E-03;1,358408E-01;-6,125972E-04;-2,448885E-01;-1,236021E-03
9,750000000000E+01;2,585053E-01;3,453889E-03;1,367715E-01;-7,463565E-04;-2,431640E-01;-5,159423E-04
9,800000000000E+01;2,544611E-01;3,416386E-03;1,376784E-01;-5,780044E-04;-2,407283E-01;-1,835663E-04
9,850000000000E+01;2,508128E-01;3,324389E-03;1,386134E-01;-6,356476E-04;-2,389626E-01;1,306326E-06
9,900000000000E+01;2,474845E-01;2,913998E-03;1,395398E-01;-3,280085E-04;-2,371689E-01;-2,791187E-05
9,950000000000E+01;2,439364E-01;3,548697E-03;1,403320E-01;-1,490870E-04;-2,353105E-01;-4,866815E-04
1,000000000000E+02;2,398916E-01;3,680500E-03;1,414981E-01;-2,738276E-04;-2,335579E-01;-3,974299E-04
1,005000000000E+02;2,367260E-01;3,336201E-03;1,426461E-01;-5,506796E-04;-2,315535E-01;-3,605803E-04
1,010000000000E+02;2,339361E-01;3,232160E-03;1,439570E-01;-5,181524E-04;-2,304612E-01;-1,983756E-04
1,015000000000E+02;2,307938E-01;3,125321E-03;1,446863E-01;-6,195749E-04;-2,292385E-01;2,949534E-04
1,020000000000E+02;2,271711E-01;3,279563E-03;1,459268E-01;-7,413497E-04;-2,281398E-01;1,338639E-04
1,025000000000E+02;2,247993E-01;3,274412E-03;1,467865E-01;-5,972735E-04;-2,268969E-01;2,020930E-04
1,030000000000E+02;2,213007E-01;3,084597E-03;1,482133E-01;-3,746201E-04;-2,255327E-01;2,804133E-04
1,035000000000E+02;2,179476E-01;3,164575E-03;1,500844E-01;-8,318010E-04;-2,244273E-01;1,658645E-04
1,040000000000E+02;2,156422E-01;3,583904E-03;1,510283E-01;-1,259733E-03;-2,241081E-01;-6,532526E-05
1,045000000000E+02;2,115368E-01;3,953506E-03;1,528746E-01;-8,398285E-04;-2,229872E-01;6,342901E-05
1,050000000000E+02;2,080108E-01;4,532823E-03;1,551905E-01;-1,037809E-03;-2,218570E-01;-3,178912E-04
1,055000000000E+02;2,051109E-01;4,497650E-03;1,563589E-01;-1,276461E-03;-2,209066E-01;-8,082601E-04
1,060000000000E+02;2,024700E-01;4,913001E-03;1,574044E-01;-1,256724E-03;-2,195316E-01;-1,439080E-03
1,065000000000E+02;1,995509E-01;6,560042E-03;1,592273E-01;-1,728908E-03;-2,190458E-01;-4,344718E-03
1,070000000000E+02;1,972620E-01;7,197849E-03;1,605801E-01;-1,781154E-03;-2,207302E-01;-7,197998E-03
1,075000000000E+02;1,961265E-01;7,634873E-03;1,619384E-01;-1,707116E-03;-2,241758E-01;-8,565111E-03
1,080000000000E+02;1,944075E-01;6,402338E-03;1,644429E-01;-1,581902E-03;-2,289564E-01;-5,627191E-03
1,085000000000E+02;1,929069E-01;5,727901E-03;1,655041E-01;-1,744598E-03;-2,301295E-01;-3,493188E-03
1,090000000000E+02;1,901125E-01;5,148482E-03;1,675957E-01;-1,676842E-03;-2,302412E-01;-1,036862E-03
1,095000000000E+02;1,874205E-01;4,855731E-03;1,698811E-01;-2,211617E-03;-2,299998E-01;2,247866E-05
1,100000000000E+02;1,838046E-01;5,156629E-03;1,723754E-01;-2,185192E-03;-2,293809E-01;1,244178E-04
1,105000000000E+02;1,799499E-01;4,934006E-03;1,748706E-01;-1,628666E-03;-2,298543E-01;1,760835E-03
1,110000000000E+02;1,779422E-01;4,805632E-03;1,760157E-01;-2,030248E-03;-2,301463E-01;2,351054E-03
1,115000000000E+02;1,745001E-01;4,697365E-03;1,787793E-01;-2,159690E-03;-2,309528E-01;2,235516E-03
1,120000000000E+02;1,720595E-01;4,569584E-03;1,807505E-01;-1,912964E-03;-2,316656E-01;2,578968E-03
1,125000000000E+02;1,686106E-01;4,339016E-03;1,835657E-01;-2,066109E-03;-2,324553E-01;3,296838E-03
1,130000000000E+02;1,662326E-01;4,673011E-03;1,857703E-01;-2,080321E-03;-2,332215E-01;3,137134E-03
1,135000000000E+02;1,628846E-01;5,121612E-03;1,888567E-01;-2,583329E-03;-2,343052E-01;3,270966E-03
1,140000000000E+02;1,606301E-01;5,100659E-03;1,911114E-01;-2,729299E-03;-2,355762E-01;3,081470E-03
1,145000000000E+02;1,567458E-01;5,181791E-03;1,947253E-01;-2,140362E-03;-2,373570E-01;2,498771E-03
1,150000000000E+02;1,541371E-01;5,589909E-03;1,971058E-01;-1,996067E-03;-2,378071E-01;2,153688E-03
1,155000000000E+02;1,506968E-01;6,459114E-03;2,002274E-01;-1,433237E-03;-2,397372E-01;1,428421E-03
1,160000000000E+02;1,479673E-01;6,877366E-03;2,040452E-01;-3,232361E-04;-2,424114E-01;3,988946E-04
1,165000000000E+02;1,444811E-01;6,517893E-03;2,101406E-01;8,953621E-04;-2,472080E-01;-5,211818E-04
1,170000000000E+02;1,418821E-01;6,823283E-03;2,149695E-01;9,650644E-04;-2,515346E-01;-6,653716E-05
1,175000000000E+02;1,384759E-01;7,016585E-03;2,211831E-01;-1,172967E-03;-2,567756E-01;2,422289E-03
1,180000000000E+02;1,362552E-01;6,807771E-03;2,240676E-01;-2,292666E-03;-2,591155E-01;3,819742E-03
1,185000000000E+02;1,307486E-01;6,942859E-03;2,312487E-01;-4,122881E-03;-2,633896E-01;6,169648E-03
1,190000000000E+02;1,284127E-01;7,097476E-03;2,340424E-01;-5,046674E-03;-2,653927E-01;7,038869E-03
1,195000000000E+02;1,246411E-01;7,559159E-03;2,379080E-01;-6,079077E-03;-2,687587E-01;8,481144E-03
1,200000000000E+02;1,207308E-01;8,130749E-03;2,428246E-01;-6,928250E-03;-2,716796E-01;9,624105E-03
1,205000000000E+02;1,162927E-01;8,201563E-03;2,491074E-01;-7,976651E-03;-2,764213E-01;1,053140E-02
1,210000000000E+02;1,127355E-01;8,121808E-03;2,535937E-01;-8,486394E-03;-2,796409E-01;1,120290E-02
1,215000000000E+02;1,082344E-01;8,105565E-03;2,594078E-01;-8,530730E-03;-2,832308E-01;1,245789E-02
1,220000000000E+02;1,018326E-01;8,825895E-03;2,684072E-01;-9,968918E-03;-2,899942E-01;1,361170E-02
1,225000000000E+02;9,847192E-02;9,263424E-03;2,729062E-01;-1,048216E-02;-2,939971E-01;1,389263E-02
1,230000000000E+02;9,339169E-02;1,040954E-02;2,802073E-01;-1,203627E-02;-2,996268E-01;1,518145E-02
1,235000000000E+02;8,971548E-02;1,095987E-02;2,863573E-01;-1,296888E-02;-3,043270E-01;1,602169E-02
1,240000000000E+02;8,292849E-02;1,211010E-02;2,969030E-01;-1,459976E-02;-3,133084E-01;1,781974E-02
1,245000000000E+02;7,680754E-02;1,260490E-02;3,053412E-01;-1,580962E-02;-3,205166E-01;1,937022E-02
1,250000000000E+02;7,186486E-02;1,381832E-02;3,126895E-01;-1,731592E-02;-3,261550E-01;2,110580E-02
1,255000000000E+02;6,447984E-02;1,516850E-02;3,246944E-01;-1,920167E-02;-3,359118E-01;2,312601E-02
1,260000000000E+02;5,754003E-02;1,598744E-02;3,353949E-01;-2,124145E-02;-3,452027E-01;2,506968E-02
1,265000000000E+02;5,143161E-02;1,672220E-02;3,451273E-01;-2,261412E-02;-3,532963E-01;2,651216E-02
1,270000000000E+02;4,370497E-02;1,824301E-02;3,577622E-01;-2,542109E-02;-3,640336E-01;2,914256E-02
1,275000000000E+02;3,529182E-02;1,979828E-02;3,713596E-01;-2,830607E-02;-3,753507E-01;3,211680E-02
1,280000000000E+02;2,764765E-02;2,144600E-02;3,834279E-01;-3,066784E-02;-3,851854E-01;3,459660E-02
1,285000000000E+02;1,528901E-02;2,482224E-02;4,042683E-01;-3,568844E-02;-4,027418E-01;3,927656E-02
1,290000000000E+02;6,444657E-03;2,705184E-02;4,189709E-01;-4,012577E-02;-4,157839E-01;4,394430E-02
1,295000000000E+02;-4,271190E-03;2,906917E-02;4,372478E-01;-4,454104E-02;-4,313873E-01;4,847647E-02
1,300000000000E+02;-1,559115E-02;3,184962E-02;4,563321E-01;-4,978281E-02;-4,477449E-01;5,352536E-02
1,305000000000E+02;-3,291187E-02;3,714040E-02;4,864482E-01;-5,801423E-02;-4,739231E-01;6,219902E-02
1,310000000000E+02;-5,008237E-02;4,326887E-02;5,157071E-01;-6,922882E-02;-4,994455E-01;7,316741E-02
1,315000000000E+02;-6,281547E-02;4,732382E-02;5,383980E-01;-7,675815E-02;-5,190776E-01;7,999115E-02
1,320000000000E+02;-8,143511E-02;5,386052E-02;5,703636E-01;-8,786952E-02;-5,470899E-01;9,094371E-02
1,325000000000E+02;-1,055861E-01;6,326460E-02;6,128463E-01;-1,040594E-01;-5,843472E-01;1,068417E-01
1,330000000000E+02;-1,252118E-01;7,377879E-02;6,474591E-01;-1,234767E-01;-6,141867E-01;1,255439E-01
1,335000000000E+02;-1,530168E-01;9,015815E-02;6,963688E-01;-1,530532E-01;-6,565416E-01;1,533071E-01
1,340000000000E+02;-1,904157E-01;1,097686E-01;7,636456E-01;-1,886023E-01;-7,161300E-01;1,871590E-01
1,345000000000E+02;-2,239193E-01;1,320041E-01;8,240408E-01;-2,275373E-01;-7,687990E-01;2,237854E-01
1,350000000000E+02;-2,619508E-01;1,663410E-01;8,923603E-01;-2,888068E-01;-8,273500E-01;2,801877E-01
1,355000000000E+02;-3,164641E-01;2,128024E-01;9,909592E-01;-3,731524E-01;-9,126403E-01;3,578547E-01
1,360000000000E+02;-3,710195E-01;2,778774E-01;1,088909E+00;-4,894462E-01;-9,974717E-01;4,661962E-01
1,365000000000E+02;-4,182308E-01;3,590634E-01;1,173494E+00;-6,342051E-01;-1,070161E+00;6,003382E-01
1,370000000000E+02;-4,762764E-01;5,198736E-01;1,279641E+00;-9,250394E-01;-1,156415E+00;8,641802E-01
1,375000000000E+02;-5,000955E-01;7,080701E-01;1,324069E+00;-1,264655E+00;-1,186008E+00;1,171203E+00
1,380000000000E+02;-4,456060E-01;8,851388E-01;1,227516E+00;-1,589543E+00;-1,089640E+00;1,457708E+00
1,385000000000E+02;-1,592959E-01;1,203945E+00;7,119307E-01;-2,172630E+00;-6,102358E-01;1,966628E+00
1,390000000000E+02;7,970109E-02;1,320889E+00;2,784691E-01;-2,388372E+00;-2,151059E-01;2,148812E+00
1,395000000000E+02;4,431325E-01;1,229888E+00;-3,825387E-01;-2,229437E+00;3,753784E-01;1,987576E+00
1,400000000000E+02;7,198466E-01;9,929562E-01;-8,886116E-01;-1,803231E+00;8,187202E-01;1,591957E+00
1,405000000000E+02;8,181859E-01;7,846582E-01;-1,073890E+00;-1,427155E+00;9,729038E-01;1,248124E+00
1,410000000000E+02;8,264515E-01;6,176066E-01;-1,094472E+00;-1,124126E+00;9,818519E-01;9,754175E-01
1,415000000000E+02;7,967063E-01;4,571886E-01;-1,043303E+00;-8,321620E-01;9,291033E-01;7,143039E-01
1,420000000000E+02;7,516835E-01;3,473583E-01;-9,646373E-01;-6,317955E-01;8,534071E-01;5,360422E-01
1,425000000000E+02;6,999477E-01;2,772181E-01;-8,740950E-01;-5,026367E-01;7,688659E-01;4,229370E-01
1,430000000000E+02;6,492037E-01;2,137762E-01;-7,837102E-01;-3,876286E-01;6,853065E-01;3,222511E-01
1,435000000000E+02;6,178284E-01;1,813378E-01;-7,261706E-01;-3,279133E-01;6,331112E-01;2,704329E-01
1,440000000000E+02;5,832626E-01;1,567396E-01;-6,650651E-01;-2,829581E-01;5,763666E-01;2,313377E-01
1,445000000000E+02;5,516811E-01;1,339075E-01;-6,106172E-01;-2,413643E-01;5,268157E-01;1,952994E-01
1,450000000000E+02;5,317988E-01;1,201499E-01;-5,768728E-01;-2,149951E-01;4,957575E-01;1,732670E-01
1,455000000000E+02;5,071312E-01;1,043915E-01;-5,339715E-01;-1,862116E-01;4,565287E-01;1,486393E-01
1,460000000000E+02;4,890057E-01;9,231146E-02;-5,022129E-01;-1,638320E-01;4,269073E-01;1,298151E-01
1,465000000000E+02;4,688115E-01;8,246638E-02;-4,673555E-01;-1,455068E-01;3,951763E-01;1,144902E-01
1,470000000000E+02;4,514353E-01;7,288921E-02;-4,378597E-01;-1,281499E-01;3,688865E-01;9,942164E-02
1,475000000000E+02;4,411703E-01;6,734394E-02;-4,208668E-01;-1,178671E-01;3,531786E-01;9,041013E-02
1,480000000000E+02;4,254980E-01;6,157777E-02;-3,939439E-01;-1,064391E-01;3,289494E-01;8,130440E-02
1,485000000000E+02;4,115790E-01;5,671137E-02;-3,698314E-01;-9,704027E-02;3,079486E-01;7,383303E-02
1,490000000000E+02;4,004633E-01;5,327316E-02;-3,498954E-01;-9,083086E-02;2,901277E-01;6,838396E-02
1,495000000000E+02;3,897529E-01;4,929432E-02;-3,333637E-01;-8,296371E-02;2,743166E-01;6,262050E-02
1,500000000000E+02;3,803558E-01;4,667302E-02;-3,183501E-01;-7,677663E-02;2,607020E-01;5,780797E-02
1,505000000000E+02;3,711015E-01;4,389890E-02;-3,033567E-01;-7,113719E-02;2,473291E-01;5,259959E-02
1,510000000000E+02;3,644309E-01;4,218534E-02;-2,920944E-01;-6,808688E-02;2,376790E-01;5,059372E-02
1,515000000000E+02;3,545079E-01;4,037990E-02;-2,762852E-01;-6,364998E-02;2,236401E-01;4,732840E-02
1,520000000000E+02;3,476818E-01;3,921143E-02;-2,668355E-01;-6,002149E-02;2,147228E-01;4,412583E-02
1,525000000000E+02;3,385616E-01;3,719882E-02;-2,542382E-01;-5,567388E-02;2,028317E-01;4,034761E-02
1,530000000000E+02;3,328741E-01;3,643457E-02;-2,465899E-01;-5,228624E-02;1,956642E-01;3,841218E-02
1,535000000000E+02;3,249082E-01;3,644034E-02;-2,363277E-01;-4,897586E-02;1,861524E-01;3,701150E-02
1,540000000000E+02;3,196900E-01;3,612882E-02;-2,304933E-01;-4,626624E-02;1,804004E-01;3,501120E-02
1,545000000000E+02;3,115457E-01;3,936440E-02;-2,206618E-01;-4,505681E-02;1,713138E-01;3,529996E-02
1,550000000000E+02;3,044374E-01;4,369907E-02;-2,121583E-01;-4,280854E-02;1,628401E-01;3,582602E-02
1,555000000000E+02;3,012920E-01;4,785218E-02;-2,084138E-01;-4,015892E-02;1,587698E-01;3,624108E-02
1,560000000000E+02;3,011602E-01;5,555234E-02;-2,032749E-01;-3,536325E-02;1,549027E-01;3,728653E-02
1,565000000000E+02;3,104331E-01;6,394888E-02;-1,917872E-01;-2,866806E-02;1,522304E-01;3,766812E-02
1,570000000000E+02;3,176069E-01;6,247615E-02;-1,837483E-01;-2,699317E-02;1,511613E-01;3,652705E-02
1,575000000000E+02;3,240708E-01;4,777229E-02;-1,724623E-01;-2,840232E-02;1,486665E-01;3,056753E-02
1,580000000000E+02;3,206667E-01;3,610101E-02;-1,667303E-01;-2,992702E-02;1,442504E-01;2,601508E-02
1,585000000000E+02;3,143047E-01;3,016287E-02;-1,618403E-01;-3,161170E-02;1,383882E-01;2,468513E-02
1,590000000000E+02;3,091531E-01;2,745634E-02;-1,588962E-01;-3,151110E-02;1,343600E-01;2,328835E-02
1,595000000000E+02;3,046292E-01;2,546406E-02;-1,557978E-01;-3,067232E-02;1,303568E-01;2,142837E-02
1,600000000000E+02;2,994922E-01;2,411627E-02;-1,515775E-01;-3,016475E-02;1,254499E-01;2,023976E-02
1,605000000000E+02;2,938417E-01;2,266255E-02;-1,467172E-01;-2,898983E-02;1,200556E-01;1,892355E-02
1,610000000000E+02;2,917573E-01;2,218494E-02;-1,442147E-01;-2,882042E-02;1,173342E-01;1,895313E-02
1,615000000000E+02;2,882933E-01;2,111327E-02;-1,400491E-01;-2,761549E-02;1,132064E-01;1,754069E-02
1,620000000000E+02;2,849103E-01;2,087939E-02;-1,371574E-01;-2,696442E-02;1,104932E-01;1,675927E-02
1,625000000000E+02;2,824991E-01;2,058107E-02;-1,341310E-01;-2,646884E-02;1,080782E-01;1,648589E-02
1,630000000000E+02;2,779361E-01;2,006622E-02;-1,283104E-01;-2,519508E-02;1,026597E-01;1,627709E-02
1,635000000000E+02;2,746539E-01;1,940902E-02;-1,249623E-01;-2,421110E-02;1,000256E-01;1,506836E-02
1,640000000000E+02;2,726711E-01;1,915158E-02;-1,226559E-01;-2,425023E-02;9,772110E-02;1,521474E-02
1,645000000000E+02;2,704023E-01;1,957235E-02;-1,199131E-01;-2,466877E-02;9,558482E-02;1,531873E-02
1,650000000000E+02;2,680305E-01;1,935894E-02;-1,167729E-01;-2,407296E-02;9,291071E-02;1,459187E-02
1,655000000000E+02;2,665384E-01;1,854040E-02;-1,148689E-01;-2,330157E-02;9,086950E-02;1,384686E-02
1,660000000000E+02;2,647011E-01;1,790679E-02;-1,125958E-01;-2,262661E-02;8,894196E-02;1,315823E-02
1,665000000000E+02;2,620019E-01;1,702666E-02;-1,093229E-01;-2,177772E-02;8,620867E-02;1,265245E-02
1,670000000000E+02;2,591611E-01;1,708397E-02;-1,065716E-01;-2,146880E-02;8,391362E-02;1,246388E-02
1,675000000000E+02;2,579488E-01;1,829629E-02;-1,048629E-01;-2,091414E-02;8,197923E-02;1,211142E-02
1,680000000000E+02;2,564486E-01;1,804363E-02;-1,034361E-01;-1,969350E-02;8,058122E-02;1,176720E-02
1,685000000000E+02;2,539008E-01;1,742883E-02;-1,010208E-01;-1,939960E-02;7,823902E-02;1,156011E-02
1,690000000000E+02;2,526073E-01;1,732215E-02;-9,888053E-02;-1,961775E-02;7,660679E-02;1,145187E-02
1,695000000000E+02;2,511894E-01;1,698569E-02;-9,678937E-02;-1,881561E-02;7,523765E-02;1,091335E-02
1,700000000000E+02;2,488957E-01;1,710942E-02;-9,312370E-02;-1,857347E-02;7,217900E-02;1,131490E-02
1,705000000000E+02;2,468973E-01;1,686184E-02;-9,200018E-02;-1,862330E-02;7,099280E-02;1,079577E-02
1,710000000000E+02;2,453712E-01;1,658757E-02;-9,034178E-02;-1,825009E-02;6,998795E-02;1,005302E-02
1,715000000000E+02;2,438702E-01;1,627168E-02;-8,825935E-02;-1,806084E-02;6,834187E-02;9,372300E-03
1,720000000000E+02;2,428868E-01;1,625305E-02;-8,631912E-02;-1,797922E-02;6,634852E-02;9,461534E-03
1,725000000000E+02;2,422032E-01;1,653435E-02;-8,513431E-02;-1,767518E-02;6,561942E-02;9,527056E-03
1,730000000000E+02;2,401419E-01;1,642359E-02;-8,319286E-02;-1,746764E-02;6,408569E-02;9,395490E-03
1,735000000000E+02;2,384360E-01;1,624112E-02;-8,135916E-02;-1,683286E-02;6,234240E-02;9,244605E-03
1,740000000000E+02;2,367420E-01;1,634930E-02;-7,918369E-02;-1,659513E-02;6,056779E-02;9,015924E-03
1,745000000000E+02;2,356997E-01;1,660253E-02;-7,835052E-02;-1,639074E-02;6,016856E-02;8,461449E-03
1,750000000000E+02;2,343902E-01;1,635246E-02;-7,674548E-02;-1,660239E-02;5,920491E-02;8,623870E-03
1,755000000000E+02;2,329506E-01;1,631269E-02;-7,531516E-02;-1,635219E-02;5,751835E-02;8,487735E-03
1,760000000000E+02;2,318976E-01;1,625318E-02;-7,413613E-02;-1,596077E-02;5,654412E-02;8,108800E-03
1,765000000000E+02;2,306364E-01;1,592627E-02;-7,285117E-02;-1,557708E-02;5,597909E-02;8,105777E-03
1,770000000000E+02;2,294838E-01;1,599949E-02;-7,148652E-02;-1,538373E-02;5,454465E-02;8,077719E-03
1,775000000000E+02;2,282879E-01;1,584218E-02;-7,015118E-02;-1,507620E-02;5,337887E-02;8,214355E-03
1,780000000000E+02;2,267643E-01;1,606527E-02;-6,911366E-02;-1,489621E-02;5,248684E-02;8,370798E-03
1,785000000000E+02;2,260091E-01;1,620220E-02;-6,807695E-02;-1,483752E-02;5,158137E-02;7,816053E-03
1,790000000000E+02;2,243873E-01;1,587026E-02;-6,674486E-02;-1,472810E-02;5,031598E-02;7,699866E-03
1,795000000000E+02;2,230781E-01;1,584848E-02;-6,571926E-02;-1,423692E-02;4,966395E-02;7,375024E-03
1,800000000000E+02;2,223561E-01;1,600908E-02;-6,399240E-02;-1,458698E-02;4,857852E-02;7,449339E-03
1,805000000000E+02;2,213811E-01;1,608181E-02;-6,255633E-02;-1,418629E-02;4,747465E-02;7,116593E-03
1,810000000000E+02;2,194124E-01;1,574382E-02;-6,126638E-02;-1,397847E-02;4,665647E-02;6,920545E-03
1,815000000000E+02;2,187437E-01;1,621531E-02;-6,072487E-02;-1,408247E-02;4,594982E-02;7,043325E-03
1,820000000000E+02;2,183546E-01;1,611474E-02;-5,987637E-02;-1,411772E-02;4,528950E-02;7,107082E-03
1,825000000000E+02;2,177054E-01;1,608976E-02;-5,912494E-02;-1,399480E-02;4,470308E-02;6,971129E-03
1,830000000000E+02;2,154830E-01;1,637916E-02;-5,735301E-02;-1,464137E-02;4,340243E-02;7,344524E-03
1,835000000000E+02;2,146784E-01;1,626831E-02;-5,630519E-02;-1,363098E-02;4,282564E-02;6,373751E-03
1,840000000000E+02;2,141205E-01;1,632513E-02;-5,536220E-02;-1,352782E-02;4,210002E-02;6,437113E-03
1,845000000000E+02;2,126732E-01;1,624852E-02;-5,385798E-02;-1,355232E-02;4,150999E-02;7,195552E-03
1,850000000000E+02;2,117895E-01;1,670568E-02;-5,348063E-02;-1,366484E-02;4,091705E-02;6,930128E-03
1,855000000000E+02;2,105028E-01;1,681457E-02;-5,234939E-02;-1,411110E-02;4,016368E-02;6,786657E-03
1,860000000000E+02;2,097015E-01;1,658666E-02;-5,161753E-02;-1,367004E-02;3,964274E-02;6,256707E-03
1,865000000000E+02;2,089029E-01;1,629246E-02;-5,117765E-02;-1,318895E-02;3,896223E-02;6,078706E-03
1,870000000000E+02;2,077452E-01;1,695493E-02;-5,016958E-02;-1,332535E-02;3,798193E-02;6,454431E-03
1,875000000000E+02;2,070516E-01;1,731393E-02;-4,926072E-02;-1,297832E-02;3,748452E-02;6,443948E-03
1,880000000000E+02;2,061612E-01;1,711673E-02;-4,846251E-02;-1,267273E-02;3,678002E-02;6,362416E-03
1,885000000000E+02;2,053766E-01;1,657746E-02;-4,761573E-02;-1,284416E-02;3,622464E-02;6,313577E-03
1,890000000000E+02;2,041486E-01;1,693914E-02;-4,691472E-02;-1,290959E-02;3,583190E-02;6,584693E-03
1,895000000000E+02;2,033509E-01;1,729900E-02;-4,595654E-02;-1,336416E-02;3,528820E-02;6,471892E-03
1,900000000000E+02;2,028961E-01;1,754596E-02;-4,534882E-02;-1,317606E-02;3,477776E-02;6,147794E-03
1,905000000000E+02;2,016931E-01;1,745990E-02;-4,479066E-02;-1,256045E-02;3,374326E-02;6,114483E-03
1,910000000000E+02;2,006255E-01;1,717002E-02;-4,414353E-02;-1,208221E-02;3,308436E-02;6,000369E-03
1,915000000000E+02;1,997137E-01;1,736226E-02;-4,320574E-02;-1,221918E-02;3,289169E-02;5,838760E-03
1,920000000000E+02;1,993771E-01;1,747319E-02;-4,283916E-02;-1,211618E-02;3,291256E-02;5,691007E-03
1,925000000000E+02;1,986596E-01;1,750530E-02;-4,191887E-02;-1,184883E-02;3,205504E-02;5,532063E-03
1,930000000000E+02;1,977378E-01;1,757302E-02;-4,117706E-02;-1,208115E-02;3,114725E-02;5,865850E-03
1,935000000000E+02;1,964825E-01;1,720807E-02;-4,045950E-02;-1,182880E-02;3,072952E-02;5,902098E-03
1,940000000000E+02;1,955262E-01;1,691686E-02;-4,009916E-02;-1,198950E-02;2,992262E-02;5,323491E-03
1,945000000000E+02;1,947552E-01;1,777762E-02;-3,938005E-02;-1,228437E-02;2,974319E-02;5,915448E-03
1,950000000000E+02;1,942125E-01;1,828718E-02;-3,868886E-02;-1,227939E-02;2,961211E-02;5,850561E-03
1,955000000000E+02;1,933848E-01;1,824504E-02;-3,806783E-02;-1,252552E-02;2,896303E-02;5,818365E-03
1,960000000000E+02;1,922540E-01;1,856947E-02;-3,714747E-02;-1,201893E-02;2,838783E-02;5,787380E-03
1,965000000000E+02;1,915973E-01;1,883504E-02;-3,661077E-02;-1,216595E-02;2,822348E-02;5,687661E-03
1,970000000000E+02;1,909848E-01;1,848310E-02;-3,603353E-02;-1,199866E-02;2,789002E-02;5,554790E-03
1,975000000000E+02;1,905179E-01;1,813430E-02;-3,572107E-02;-1,152474E-02;2,794029E-02;5,476392E-03
1,980000000000E+02;1,894623E-01;1,829341E-02;-3,558994E-02;-1,129164E-02;2,743188E-02;5,498650E-03
1,985000000000E+02;1,883533E-01;1,902083E-02;-3,431101E-02;-1,233208E-02;2,676144E-02;6,076809E-03
1,990000000000E+02;1,875084E-01;1,927445E-02;-3,376695E-02;-1,216083E-02;2,619787E-02;5,822372E-03
1,995000000000E+02;1,868415E-01;1,932278E-02;-3,364173E-02;-1,223772E-02;2,592468E-02;5,869952E-03
2,000000000000E+02;1,866562E-01;1,899277E-02;-3,280488E-02;-1,265915E-02;2,572862E-02;5,765538E-03
2,005000000000E+02;1,858681E-01;1,898471E-02;-3,191658E-02;-1,248348E-02;2,541898E-02;5,485604E-03
2,010000000000E+02;1,852458E-01;1,924185E-02;-3,121932E-02;-1,216599E-02;2,521977E-02;5,430236E-03
2,015000000000E+02;1,837650E-01;2,012987E-02;-3,079434E-02;-1,176354E-02;2,461635E-02;5,875609E-03
2,020000000000E+02;1,832129E-01;2,035938E-02;-3,100740E-02;-1,216158E-02;2,454193E-02;5,546800E-03
2,025000000000E+02;1,829267E-01;2,024631E-02;-3,043265E-02;-1,187418E-02;2,377440E-02;5,337783E-03
2,030000000000E+02;1,818922E-01;2,013231E-02;-2,955443E-02;-1,247939E-02;2,282679E-02;5,223530E-03
2,035000000000E+02;1,809825E-01;2,017046E-02;-2,911574E-02;-1,250986E-02;2,274720E-02;5,379937E-03
2,040000000000E+02;1,802150E-01;2,034587E-02;-2,889853E-02;-1,246298E-02;2,272430E-02;5,367083E-03
2,045000000000E+02;1,795607E-01;2,079797E-02;-2,836167E-02;-1,287164E-02;2,215033E-02;5,252261E-03
2,050000000000E+02;1,788549E-01;2,105561E-02;-2,798818E-02;-1,265631E-02;2,173080E-02;5,157251E-03
2,055000000000E+02;1,783312E-01;2,143569E-02;-2,774372E-02;-1,262027E-02;2,216440E-02;5,087045E-03
2,060000000000E+02;1,777197E-01;2,123663E-02;-2,746997E-02;-1,274596E-02;2,166540E-02;5,544526E-03
2,065000000000E+02;1,765905E-01;2,137512E-02;-2,698873E-02;-1,287440E-02;2,101593E-02;5,548035E-03
2,070000000000E+02;1,757861E-01;2,112938E-02;-2,641746E-02;-1,182658E-02;2,081623E-02;4,663389E-03
2,075000000000E+02;1,752168E-01;2,127949E-02;-2,640621E-02;-1,186851E-02;2,096501E-02;4,979311E-03
2,080000000000E+02;1,743271E-01;2,176408E-02;-2,595064E-02;-1,205479E-02;2,060262E-02;5,926629E-03
2,085000000000E+02;1,734205E-01;2,207731E-02;-2,551542E-02;-1,240805E-02;2,034998E-02;5,705577E-03
2,090000000000E+02;1,728719E-01;2,190945E-02;-2,476707E-02;-1,150660E-02;1,956180E-02;4,798023E-03
2,095000000000E+02;1,720291E-01;2,216023E-02;-2,492346E-02;-1,228398E-02;1,989560E-02;5,135644E-03
2,100000000000E+02;1,714490E-01;2,229526E-02;-2,445957E-02;-1,272033E-02;1,985299E-02;5,672516E-03
2,105000000000E+02;1,707644E-01;2,225480E-02;-2,422882E-02;-1,264464E-02;1,966235E-02;5,865365E-03
2,110000000000E+02;1,700259E-01;2,270258E-02;-2,403322E-02;-1,255976E-02;1,946772E-02;5,951453E-03
2,115000000000E+02;1,696989E-01;2,270269E-02;-2,362223E-02;-1,194880E-02;1,866739E-02;5,025182E-03
2,120000000000E+02;1,691045E-01;2,293895E-02;-2,291442E-02;-1,177871E-02;1,791065E-02;5,448733E-03
2,125000000000E+02;1,679537E-01;2,288035E-02;-2,280339E-02;-1,219233E-02;1,820986E-02;5,451729E-03
2,130000000000E+02;1,672017E-01;2,310183E-02;-2,242271E-02;-1,211241E-02;1,836142E-02;4,889603E-03
2,135000000000E+02;1,665835E-01;2,322958E-02;-2,224335E-02;-1,221328E-02;1,835956E-02;4,999097E-03
2,140000000000E+02;1,654875E-01;2,319949E-02;-2,132092E-02;-1,241949E-02;1,753003E-02;5,443156E-03
2,145000000000E+02;1,648781E-01;2,359480E-02;-2,138754E-02;-1,253470E-02;1,693045E-02;5,330210E-03
2,150000000000E+02;1,647508E-01;2,409660E-02;-2,155441E-02;-1,253506E-02;1,726261E-02;5,379665E-03
2,155000000000E+02;1,638742E-01;2,421392E-02;-2,013262E-02;-1,238056E-02;1,733647E-02;5,133050E-03
2,160000000000E+02;1,626774E-01;2,425612E-02;-2,037566E-02;-1,215487E-02;1,683208E-02;4,425713E-03
2,165000000000E+02;1,622634E-01;2,492293E-02;-2,041655E-02;-1,243849E-02;1,667800E-02;4,695867E-03
2,170000000000E+02;1,615201E-01;2,504461E-02;-2,003477E-02;-1,211720E-02;1,638601E-02;4,812236E-03
2,175000000000E+02;1,605027E-01;2,523105E-02;-1,959006E-02;-1,166198E-02;1,609270E-02;4,826619E-03
2,180000000000E+02;1,598094E-01;2,540339E-02;-1,939648E-02;-1,176916E-02;1,652963E-02;5,127750E-03
2,185000000000E+02;1,594297E-01;2,571617E-02;-1,926302E-02;-1,194435E-02;1,603630E-02;5,126285E-03
2,190000000000E+02;1,591042E-01;2,609653E-02;-1,903754E-02;-1,179362E-02;1,561323E-02;4,881442E-03
2,195000000000E+02;1,583365E-01;2,653237E-02;-1,889309E-02;-1,211509E-02;1,545433E-02;4,762776E-03
2,200000000000E+02;1,568426E-01;2,656446E-02;-1,801008E-02;-1,224393E-02;1,542905E-02;5,012979E-03
2,205000000000E+02;1,561230E-01;2,666529E-02;-1,837322E-02;-1,226038E-02;1,511012E-02;4,828566E-03
2,210000000000E+02;1,553495E-01;2,668327E-02;-1,830363E-02;-1,224641E-02;1,493401E-02;4,708872E-03
2,215000000000E+02;1,551586E-01;2,722024E-02;-1,777662E-02;-1,223477E-02;1,471814E-02;4,297258E-03
2,220000000000E+02;1,543375E-01;2,705496E-02;-1,712571E-02;-1,157523E-02;1,464483E-02;4,735694E-03
2,225000000000E+02;1,534285E-01;2,720231E-02;-1,699594E-02;-1,158496E-02;1,438622E-02;4,705567E-03
2,230000000000E+02;1,524510E-01;2,776917E-02;-1,710253E-02;-1,178872E-02;1,390660E-02;4,575966E-03
2,235000000000E+02;1,518359E-01;2,786420E-02;-1,663413E-02;-1,158272E-02;1,342505E-02;4,627930E-03
2,240000000000E+02;1,510351E-01;2,765218E-02;-1,688362E-02;-1,152094E-02;1,373378E-02;4,838467E-03
2,245000000000E+02;1,499092E-01;2,829170E-02;-1,676610E-02;-1,161089E-02;1,408721E-02;4,405354E-03
2,250000000000E+02;1,494462E-01;2,807790E-02;-1,631164E-02;-1,111052E-02;1,382601E-02;4,297819E-03
2,255000000000E+02;1,487978E-01;2,847900E-02;-1,569565E-02;-1,157822E-02;1,346299E-02;4,404453E-03
2,260000000000E+02;1,479044E-01;2,952785E-02;-1,548843E-02;-1,172833E-02;1,315015E-02;4,249998E-03
2,265000000000E+02;1,471741E-01;2,971585E-02;-1,522294E-02;-1,126684E-02;1,332166E-02;4,637208E-03
2,270000000000E+02;1,465293E-01;2,965983E-02;-1,490447E-02;-1,147393E-02;1,307277E-02;4,773825E-03
2,275000000000E+02;1,460875E-01;2,960013E-02;-1,453346E-02;-1,199032E-02;1,270262E-02;4,580670E-03
2,280000000000E+02;1,452104E-01;2,994028E-02;-1,444172E-02;-1,188810E-02;1,278459E-02;4,401837E-03
2,285000000000E+02;1,440280E-01;3,045785E-02;-1,444863E-02;-1,205767E-02;1,280834E-02;4,397920E-03
2,290000000000E+02;1,432168E-01;3,078461E-02;-1,416094E-02;-1,175733E-02;1,239193E-02;4,255647E-03
2,295000000000E+02;1,425756E-01;3,064272E-02;-1,409073E-02;-1,142396E-02;1,207699E-02;4,230702E-03
2,300000000000E+02;1,411209E-01;3,102810E-02;-1,378126E-02;-1,154563E-02;1,187834E-02;4,564794E-03
2,305000000000E+02;1,404134E-01;3,194175E-02;-1,367456E-02;-1,161476E-02;1,177828E-02;4,757581E-03
2,310000000000E+02;1,401863E-01;3,247080E-02;-1,395627E-02;-1,161088E-02;1,192520E-02;4,338481E-03
2,315000000000E+02;1,393007E-01;3,324517E-02;-1,413565E-02;-1,115302E-02;1,174647E-02;4,207115E-03
2,320000000000E+02;1,385038E-01;3,335123E-02;-1,355767E-02;-1,088047E-02;1,143172E-02;4,200667E-03
2,325000000000E+02;1,381066E-01;3,340485E-02;-1,324681E-02;-1,079616E-02;1,106179E-02;3,939630E-03
2,330000000000E+02;1,374755E-01;3,368862E-02;-1,291065E-02;-1,096191E-02;1,092080E-02;4,235045E-03
2,335000000000E+02;1,362264E-01;3,407291E-02;-1,265631E-02;-1,109789E-02;1,090868E-02;4,091903E-03
2,340000000000E+02;1,352017E-01;3,416246E-02;-1,262978E-02;-1,111843E-02;1,090249E-02;4,088333E-03
2,345000000000E+02;1,344638E-01;3,471967E-02;-1,233026E-02;-1,123035E-02;1,086787E-02;3,937820E-03
2,350000000000E+02;1,338352E-01;3,485660E-02;-1,213008E-02;-1,082551E-02;1,047195E-02;3,839948E-03
2,355000000000E+02;1,327657E-01;3,504038E-02;-1,216824E-02;-1,032603E-02;1,023090E-02;3,879681E-03
2,360000000000E+02;1,322816E-01;3,562317E-02;-1,182484E-02;-9,743490E-03;1,030805E-02;3,836473E-03
2,365000000000E+02;1,315482E-01;3,617674E-02;-1,151321E-02;-9,762272E-03;1,041399E-02;4,206443E-03
2,370000000000E+02;1,306304E-01;3,674261E-02;-1,130637E-02;-1,052048E-02;1,017871E-02;4,020799E-03
2,375000000000E+02;1,300474E-01;3,726788E-02;-1,124665E-02;-1,069244E-02;1,019525E-02;3,863797E-03
2,380000000000E+02;1,288248E-01;3,741207E-02;-1,053361E-02;-1,020481E-02;9,777792E-03;4,085562E-03
2,385000000000E+02;1,279036E-01;3,769869E-02;-1,046015E-02;-1,092227E-02;9,359539E-03;4,050836E-03
2,390000000000E+02;1,268115E-01;3,803185E-02;-1,067860E-02;-1,108608E-02;9,028549E-03;4,035727E-03
2,395000000000E+02;1,257279E-01;3,804690E-02;-1,043676E-02;-1,108720E-02;9,401864E-03;3,449023E-03
2,400000000000E+02;1,254908E-01;3,812001E-02;-1,035189E-02;-1,080932E-02;9,060550E-03;3,550232E-03
2,405000000000E+02;1,246870E-01;3,924686E-02;-1,052368E-02;-1,015547E-02;8,655428E-03;3,965817E-03
2,410000000000E+02;1,235349E-01;3,964163E-02;-1,022618E-02;-9,962395E-03;8,545664E-03;4,007227E-03
2,415000000000E+02;1,227699E-01;4,027165E-02;-1,002535E-02;-9,715719E-03;8,538405E-03;3,959997E-03
2,420000000000E+02;1,223101E-01;4,096807E-02;-9,633144E-03;-9,266924E-03;8,685694E-03;3,844436E-03
2,425000000000E+02;1,209378E-01;4,130397E-02;-8,930295E-03;-8,947335E-03;8,048951E-03;4,036625E-03
2,430000000000E+02;1,193354E-01;4,209433E-02;-9,188348E-03;-9,085358E-03;7,480605E-03;4,263524E-03
2,435000000000E+02;1,192628E-01;4,290073E-02;-8,310203E-03;-9,380822E-03;7,843145E-03;4,740999E-03
2,440000000000E+02;1,191998E-01;4,307262E-02;-7,936706E-03;-9,484982E-03;8,387581E-03;4,816424E-03
2,445000000000E+02;1,185194E-01;4,348512E-02;-8,012140E-03;-9,810724E-03;8,432686E-03;4,379278E-03
2,450000000000E+02;1,175331E-01;4,306135E-02;-7,740567E-03;-9,507833E-03;8,140853E-03;4,297400E-03
2,455000000000E+02;1,161879E-01;4,328844E-02;-7,716284E-03;-9,683317E-03;8,378780E-03;4,131522E-03
2,460000000000E+02;1,153844E-01;4,431194E-02;-7,550675E-03;-1,001431E-02;8,066145E-03;4,467233E-03
2,465000000000E+02;1,148011E-01;4,438389E-02;-7,682113E-03;-9,566910E-03;7,840145E-03;3,999566E-03
2,470000000000E+02;1,137797E-01;4,502825E-02;-7,564398E-03;-9,504342E-03;7,702670E-03;3,716074E-03
2,475000000000E+02;1,129436E-01;4,571042E-02;-7,436720E-03;-9,472977E-03;7,659162E-03;3,718273E-03
2,480000000000E+02;1,116601E-01;4,656680E-02;-7,077920E-03;-9,296559E-03;7,557841E-03;3,816277E-03
2,485000000000E+02;1,104501E-01;4,741046E-02;-6,498965E-03;-9,197072E-03;6,945580E-03;4,139200E-03
2,490000000000E+02;1,100622E-01;4,789767E-02;-6,483329E-03;-9,217824E-03;6,867451E-03;4,127479E-03
2,495000000000E+02;1,089214E-01;4,834108E-02;-6,295432E-03;-9,043385E-03;6,970480E-03;3,949143E-03
2,500000000000E+02;1,073501E-01;4,842983E-02;-5,938110E-03;-8,978258E-03;6,919870E-03;3,774875E-03
2,505000000000E+02;1,065179E-01;4,884251E-02;-5,848123E-03;-8,785329E-03;6,785688E-03;3,498638E-03
2,510000000000E+02;1,058758E-01;4,977893E-02;-5,740059E-03;-8,880903E-03;6,475585E-03;3,773610E-03
2,515000000000E+02;1,049318E-01;5,052826E-02;-5,575794E-03;-8,920158E-03;6,419838E-03;4,074808E-03
2,520000000000E+02;1,041106E-01;5,097932E-02;-5,528883E-03;-8,800843E-03;6,518192E-03;4,085795E-03
2,525000000000E+02;1,034172E-01;5,180511E-02;-5,003376E-03;-9,027460E-03;6,147145E-03;4,141514E-03
2,530000000000E+02;1,019576E-01;5,213717E-02;-4,663742E-03;-9,224842E-03;5,936307E-03;3,977490E-03
2,535000000000E+02;1,009621E-01;5,250879E-02;-4,708590E-03;-8,997668E-03;6,165139E-03;4,087630E-03
2,540000000000E+02;1,004854E-01;5,305387E-02;-4,648750E-03;-8,675149E-03;5,868416E-03;4,020400E-03
2,545000000000E+02;9,955369E-02;5,384378E-02;-4,498426E-03;-8,745862E-03;5,847153E-03;3,961566E-03
2,550000000000E+02;9,812830E-02;5,485180E-02;-4,078872E-03;-8,385275E-03;5,643396E-03;4,072429E-03
2,555000000000E+02;9,702332E-02;5,590400E-02;-4,083212E-03;-8,240182E-03;5,333922E-03;4,019570E-03
2,560000000000E+02;9,599067E-02;5,646828E-02;-4,241151E-03;-8,327265E-03;5,192391E-03;3,873123E-03
2,565000000000E+02;9,527957E-02;5,712909E-02;-3,960427E-03;-7,913331E-03;5,030052E-03;3,761035E-03
2,570000000000E+02;9,364433E-02;5,764509E-02;-3,439786E-03;-7,952627E-03;5,289489E-03;3,941214E-03
2,575000000000E+02;9,299330E-02;5,809799E-02;-3,148256E-03;-8,010632E-03;5,167980E-03;4,138381E-03
2,580000000000E+02;9,239522E-02;5,830659E-02;-3,004542E-03;-8,079691E-03;5,250926E-03;4,170223E-03
2,585000000000E+02;9,151987E-02;5,932304E-02;-2,756506E-03;-8,188772E-03;5,220427E-03;4,144013E-03
2,590000000000E+02;9,030049E-02;6,068704E-02;-2,497941E-03;-8,295396E-03;5,013200E-03;4,344412E-03
2,595000000000E+02;8,850824E-02;6,216765E-02;-1,979464E-03;-8,322029E-03;4,832596E-03;4,217111E-03
2,600000000000E+02;8,763773E-02;6,257533E-02;-2,093887E-03;-8,307592E-03;4,739054E-03;4,523271E-03
2,605000000000E+02;8,593343E-02;6,344232E-02;-1,705865E-03;-7,898769E-03;4,502023E-03;4,141822E-03
2,610000000000E+02;8,445608E-02;6,412271E-02;-1,289685E-03;-7,508076E-03;4,325811E-03;4,355774E-03
2,615000000000E+02;8,378495E-02;6,442932E-02;-1,460009E-03;-7,285766E-03;3,977249E-03;4,340898E-03
2,620000000000E+02;8,237769E-02;6,495358E-02;-1,391492E-03;-7,383146E-03;3,764408E-03;4,015668E-03
2,625000000000E+02;8,171118E-02;6,567188E-02;-8,926466E-04;-7,536513E-03;3,986743E-03;4,027959E-03
2,630000000000E+02;8,124150E-02;6,656528E-02;-6,968349E-04;-7,521391E-03;4,247442E-03;4,120090E-03
2,635000000000E+02;8,038577E-02;6,810693E-02;-8,161460E-04;-7,515887E-03;3,891230E-03;4,126118E-03
2,640000000000E+02;7,854240E-02;6,906857E-02;-7,538938E-04;-7,193623E-03;3,533865E-03;3,897246E-03
2,645000000000E+02;7,728110E-02;7,009085E-02;-4,269647E-04;-6,830673E-03;3,780582E-03;4,012798E-03
2,650000000000E+02;7,655889E-02;7,127324E-02;4,839109E-05;-6,762039E-03;3,731788E-03;3,953245E-03
2,655000000000E+02;7,587427E-02;7,225340E-02;5,226939E-04;-7,004817E-03;3,708120E-03;4,091317E-03
2,660000000000E+02;7,466581E-02;7,202605E-02;5,848561E-04;-6,946995E-03;3,342605E-03;4,217262E-03
2,665000000000E+02;7,302893E-02;7,324132E-02;6,756688E-04;-6,872064E-03;2,909526E-03;4,524070E-03
2,670000000000E+02;7,229414E-02;7,499543E-02;8,879509E-04;-6,823937E-03;3,146648E-03;4,478971E-03
2,675000000000E+02;7,156756E-02;7,661245E-02;9,951465E-04;-7,071330E-03;3,169953E-03;4,377306E-03
2,680000000000E+02;7,047117E-02;7,702798E-02;1,065575E-03;-6,796837E-03;2,957953E-03;4,172425E-03
2,685000000000E+02;6,929009E-02;7,844360E-02;1,079610E-03;-6,796458E-03;2,812255E-03;4,404828E-03
2,690000000000E+02;6,788243E-02;7,989825E-02;1,093792E-03;-6,629985E-03;2,908331E-03;4,585019E-03
2,695000000000E+02;6,657705E-02;8,128563E-02;1,563727E-03;-6,616167E-03;3,032186E-03;4,580139E-03
2,700000000000E+02;6,524381E-02;8,207598E-02;1,861638E-03;-6,326388E-03;2,561379E-03;4,802492E-03
2,705000000000E+02;6,366216E-02;8,262963E-02;2,090338E-03;-6,147513E-03;2,376911E-03;4,646000E-03
2,710000000000E+02;6,304170E-02;8,353646E-02;2,102414E-03;-5,978224E-03;2,525900E-03;4,404238E-03
2,715000000000E+02;6,244670E-02;8,477236E-02;2,338839E-03;-5,854132E-03;2,414755E-03;4,147740E-03
2,720000000000E+02;6,132283E-02;8,578990E-02;2,960862E-03;-6,047382E-03;2,516115E-03;4,188670E-03
2,725000000000E+02;5,938218E-02;8,746300E-02;3,502703E-03;-5,935730E-03;2,205699E-03;4,387157E-03
2,730000000000E+02;5,796743E-02;8,917506E-02;3,688595E-03;-5,659519E-03;1,850903E-03;4,459570E-03
2,735000000000E+02;5,669870E-02;9,058938E-02;3,670450E-03;-5,366642E-03;1,602869E-03;4,434611E-03
2,740000000000E+02;5,576276E-02;9,161675E-02;3,821279E-03;-5,461486E-03;1,586676E-03;4,519028E-03
2,745000000000E+02;5,405487E-02;9,301670E-02;3,994845E-03;-5,765302E-03;1,483774E-03;4,656073E-03
2,750000000000E+02;5,295325E-02;9,412482E-02;4,474346E-03;-5,474038E-03;1,522017E-03;4,655147E-03
2,755000000000E+02;5,235089E-02;9,552064E-02;4,837523E-03;-5,269288E-03;1,595170E-03;4,534062E-03
2,760000000000E+02;5,145451E-02;9,768749E-02;5,454110E-03;-5,138517E-03;1,372656E-03;4,559946E-03
2,765000000000E+02;4,937019E-02;9,898178E-02;5,388901E-03;-5,168845E-03;1,193413E-03;4,870248E-03
2,770000000000E+02;4,861129E-02;9,942777E-02;5,795815E-03;-4,759672E-03;8,754486E-04;4,904465E-03
2,775000000000E+02;4,830573E-02;1,000377E-01;6,343421E-03;-4,774952E-03;8,923490E-04;5,134609E-03
2,780000000000E+02;4,705938E-02;1,017370E-01;7,582712E-03;-5,514864E-03;1,238600E-03;5,387658E-03
2,785000000000E+02;4,387130E-02;1,022344E-01;7,292936E-03;-6,189110E-03;1,656424E-03;4,702001E-03
2,790000000000E+02;4,097863E-02;1,039413E-01;6,296177E-03;-6,082976E-03;1,127186E-03;4,253129E-03
2,795000000000E+02;3,974053E-02;1,068075E-01;6,386612E-03;-5,842702E-03;8,667780E-04;4,531113E-03
2,800000000000E+02;3,917932E-02;1,088606E-01;6,175954E-03;-5,439283E-03;6,259309E-04;4,623918E-03
2,805000000000E+02;3,874838E-02;1,101969E-01;6,129687E-03;-5,069152E-03;4,217719E-04;4,613481E-03
2,810000000000E+02;3,826129E-02;1,122523E-01;6,663128E-03;-4,815092E-03;6,078613E-04;4,758449E-03
2,815000000000E+02;3,688670E-02;1,142850E-01;7,543954E-03;-4,697632E-03;6,111776E-04;4,824539E-03
2,820000000000E+02;3,466580E-02;1,173305E-01;7,998729E-03;-4,294951E-03;2,132428E-04;5,041779E-03
2,825000000000E+02;3,324183E-02;1,188117E-01;8,336618E-03;-3,823653E-03;4,170387E-06;4,839892E-03
2,830000000000E+02;3,194047E-02;1,204852E-01;8,641354E-03;-3,709761E-03;-2,562205E-05;5,029920E-03
2,835000000000E+02;3,093379E-02;1,219614E-01;8,721500E-03;-3,845000E-03;2,630090E-05;5,303181E-03
2,840000000000E+02;2,963708E-02;1,241959E-01;8,999307E-03;-4,228989E-03;-9,151910E-05;5,363196E-03
2,845000000000E+02;2,968136E-02;1,257488E-01;9,523322E-03;-4,399167E-03;-1,710816E-04;5,480065E-03
2,850000000000E+02;2,869157E-02;1,276076E-01;9,788729E-03;-4,005744E-03;-1,728331E-04;5,281124E-03
2,855000000000E+02;2,614082E-02;1,302741E-01;1,063348E-02;-3,674470E-03;-2,947892E-04;5,291427E-03
2,860000000000E+02;2,506193E-02;1,319498E-01;1,129642E-02;-3,907610E-03;-6,187677E-04;5,692315E-03
2,865000000000E+02;2,461326E-02;1,352320E-01;1,169989E-02;-3,952363E-03;-8,404593E-04;5,865479E-03
2,870000000000E+02;2,289454E-02;1,372097E-01;1,193733E-02;-3,688794E-03;-8,484275E-04;5,946543E-03
2,875000000000E+02;2,135159E-02;1,390708E-01;1,249455E-02;-3,595325E-03;-7,650479E-04;5,868161E-03
2,880000000000E+02;2,001923E-02;1,412530E-01;1,291902E-02;-3,506486E-03;-7,539238E-04;5,676961E-03
2,885000000000E+02;1,888677E-02;1,440485E-01;1,305875E-02;-3,967432E-03;-1,254495E-03;5,947511E-03
2,890000000000E+02;1,717038E-02;1,459114E-01;1,343003E-02;-4,020213E-03;-1,203428E-03;6,185632E-03
2,895000000000E+02;1,662544E-02;1,481705E-01;1,390388E-02;-4,126183E-03;-1,044915E-03;6,444394E-03
2,900000000000E+02;1,580587E-02;1,511352E-01;1,449550E-02;-4,060071E-03;-1,051425E-03;6,364723E-03
2,905000000000E+02;1,344223E-02;1,543415E-01;1,462605E-02;-3,815038E-03;-1,052580E-03;6,115857E-03
2,910000000000E+02;1,222817E-02;1,552073E-01;1,445482E-02;-4,167463E-03;-1,227224E-03;6,191054E-03
2,915000000000E+02;1,131632E-02;1,576491E-01;1,462914E-02;-4,598440E-03;-9,947293E-04;6,312156E-03
2,920000000000E+02;1,045774E-02;1,606065E-01;1,498642E-02;-4,630857E-03;-1,213547E-03;6,199572E-03
2,925000000000E+02;9,481971E-03;1,638994E-01;1,568436E-02;-4,077332E-03;-1,513915E-03;6,437836E-03
2,930000000000E+02;7,819149E-03;1,668597E-01;1,542090E-02;-3,813183E-03;-1,671712E-03;6,563625E-03
2,935000000000E+02;6,964102E-03;1,697809E-01;1,576805E-02;-3,837828E-03;-1,734872E-03;6,600181E-03
2,940000000000E+02;5,480529E-03;1,729936E-01;1,652777E-02;-3,771640E-03;-1,935968E-03;6,633237E-03
2,945000000000E+02;4,952789E-03;1,746806E-01;1,688333E-02;-3,779800E-03;-1,846757E-03;6,682076E-03
2,950000000000E+02;2,898573E-03;1,772980E-01;1,689991E-02;-3,772072E-03;-1,993156E-03;6,761478E-03
2,955000000000E+02;1,819506E-03;1,796562E-01;1,696878E-02;-3,528810E-03;-2,276503E-03;6,614238E-03
2,960000000000E+02;1,617026E-03;1,832043E-01;1,756125E-02;-3,658094E-03;-2,464994E-03;6,637241E-03
2,965000000000E+02;-3,984547E-04;1,876319E-01;1,829915E-02;-3,177152E-03;-2,483633E-03;6,622056E-03
2,970000000000E+02;-6,939120E-04;1,923057E-01;1,919470E-02;-3,020674E-03;-2,362037E-03;6,664774E-03
2,975000000000E+02;-3,719344E-04;1,941049E-01;1,963575E-02;-3,058783E-03;-2,328708E-03;6,805853E-03
2,980000000000E+02;-4,410456E-04;1,957993E-01;1,986262E-02;-2,986417E-03;-2,361873E-03;6,917286E-03
2,985000000000E+02;-2,523865E-03;2,017335E-01;2,056974E-02;-3,289188E-03;-2,464294E-03;7,231566E-03
2,990000000000E+02;-3,792687E-03;2,047383E-01;2,084251E-02;-3,064712E-03;-2,723498E-03;7,249182E-03
2,995000000000E+02;-4,458836E-03;2,091222E-01;2,136483E-02;-2,533750E-03;-2,681304E-03;7,317176E-03
3,000000000000E+02;-4,612380E-03;2,123456E-01;2,154372E-02;-2,698900E-03;-2,723409E-03;7,282843E-03
3,005000000000E+02;-4,993220E-03;2,151639E-01;2,208854E-02;-2,715572E-03;-3,085343E-03;7,379259E-03
3,010000000000E+02;-6,974202E-03;2,190536E-01;2,294608E-02;-2,749027E-03;-3,336984E-03;7,591669E-03
3,015000000000E+02;-7,190283E-03;2,235539E-01;2,358129E-02;-2,984956E-03;-3,024995E-03;7,740718E-03
3,020000000000E+02;-7,456619E-03;2,278049E-01;2,461847E-02;-2,425936E-03;-3,109330E-03;7,809605E-03
3,025000000000E+02;-8,231213E-03;2,300888E-01;2,433051E-02;-2,342072E-03;-3,284298E-03;7,631300E-03
3,030000000000E+02;-7,829449E-03;2,355580E-01;2,457542E-02;-2,594305E-03;-3,489309E-03;7,696396E-03
3,035000000000E+02;-8,145305E-03;2,393154E-01;2,518448E-02;-2,659122E-03;-3,296398E-03;7,856353E-03
3,040000000000E+02;-8,730534E-03;2,423813E-01;2,599080E-02;-2,255936E-03;-3,338566E-03;7,812499E-03
3,045000000000E+02;-7,994816E-03;2,472515E-01;2,712109E-02;-2,440127E-03;-3,682306E-03;7,809440E-03
3,050000000000E+02;-7,674934E-03;2,515660E-01;2,771982E-02;-2,865920E-03;-3,361543E-03;8,317477E-03
3,055000000000E+02;-9,157382E-03;2,560752E-01;2,737333E-02;-2,991707E-03;-3,461360E-03;8,632811E-03
3,060000000000E+02;-8,614354E-03;2,600042E-01;2,840234E-02;-2,762913E-03;-3,198122E-03;8,693666E-03
3,065000000000E+02;-8,000127E-03;2,647419E-01;2,925055E-02;-2,629767E-03;-3,352820E-03;8,685346E-03
3,070000000000E+02;-9,305939E-03;2,722692E-01;3,122851E-02;-2,386927E-03;-4,156163E-03;8,766474E-03
3,075000000000E+02;-9,979255E-03;2,759626E-01;3,170888E-02;-2,245973E-03;-4,137072E-03;8,932869E-03
3,080000000000E+02;-9,390778E-03;2,795274E-01;3,189847E-02;-2,458581E-03;-4,393357E-03;9,256777E-03
3,085000000000E+02;-8,375449E-03;2,828183E-01;3,280547E-02;-2,274889E-03;-4,540293E-03;9,324869E-03
3,090000000000E+02;-7,571735E-03;2,871200E-01;3,311915E-02;-2,630488E-03;-4,591301E-03;9,319330E-03
3,095000000000E+02;-6,826359E-03;2,921492E-01;3,394514E-02;-2,853944E-03;-4,590174E-03;9,593451E-03
3,100000000000E+02;-6,557127E-03;2,969915E-01;3,535326E-02;-2,532072E-03;-4,761199E-03;9,538601E-03
3,105000000000E+02;-5,496100E-03;3,021596E-01;3,595253E-02;-2,925268E-03;-4,870342E-03;9,749533E-03
3,110000000000E+02;-4,707694E-03;3,109415E-01;3,799615E-02;-3,024927E-03;-4,907751E-03;1,010615E-02
3,115000000000E+02;-4,416586E-03;3,155775E-01;3,861852E-02;-2,945143E-03;-4,825321E-03;1,026487E-02
3,120000000000E+02;-2,553983E-03;3,193407E-01;3,808989E-02;-3,570559E-03;-4,791575E-03;1,036106E-02
3,125000000000E+02;-1,844627E-03;3,234605E-01;3,928806E-02;-3,816192E-03;-4,868677E-03;1,057573E-02
3,130000000000E+02;-4,484133E-04;3,301390E-01;4,047583E-02;-4,359061E-03;-5,075262E-03;1,102747E-02
3,135000000000E+02;4,829490E-04;3,322788E-01;4,013634E-02;-4,540021E-03;-4,897026E-03;1,084662E-02
3,140000000000E+02;3,012114E-03;3,388008E-01;4,360782E-02;-4,936972E-03;-5,342450E-03;1,126141E-02
3,145000000000E+02;4,969495E-03;3,457493E-01;4,469942E-02;-4,870780E-03;-5,488624E-03;1,156646E-02
3,150000000000E+02;6,272818E-03;3,496979E-01;4,399585E-02;-5,070934E-03;-5,162890E-03;1,129237E-02
3,155000000000E+02;9,678593E-03;3,571628E-01;4,730403E-02;-6,485397E-03;-5,370697E-03;1,160805E-02
3,160000000000E+02;1,148613E-02;3,625499E-01;4,890516E-02;-6,660737E-03;-5,536097E-03;1,179790E-02
3,165000000000E+02;1,302660E-02;3,655554E-01;4,994899E-02;-6,517898E-03;-5,494493E-03;1,184715E-02
3,170000000000E+02;1,755083E-02;3,722033E-01;5,085897E-02;-7,482146E-03;-5,506098E-03;1,226048E-02
3,175000000000E+02;1,998383E-02;3,785516E-01;5,212605E-02;-8,421975E-03;-5,755771E-03;1,254875E-02
3,180000000000E+02;2,228220E-02;3,833520E-01;5,194134E-02;-8,734366E-03;-5,781882E-03;1,249344E-02
3,185000000000E+02;2,662959E-02;3,882541E-01;5,196843E-02;-9,622861E-03;-5,595123E-03;1,282201E-02
3,190000000000E+02;3,030433E-02;3,934139E-01;5,528658E-02;-1,102004E-02;-6,116811E-03;1,305528E-02
3,195000000000E+02;3,047634E-02;3,989467E-01;5,564783E-02;-1,133343E-02;-6,069904E-03;1,301610E-02
3,200000000000E+02;3,494450E-02;4,052686E-01;5,645569E-02;-1,229377E-02;-5,828155E-03;1,357751E-02
3,205000000000E+02;3,996496E-02;4,112892E-01;5,860355E-02;-1,314438E-02;-6,124338E-03;1,381305E-02
3,210000000000E+02;4,315047E-02;4,143463E-01;5,942219E-02;-1,377338E-02;-5,794197E-03;1,384546E-02
3,215000000000E+02;4,848073E-02;4,202167E-01;5,989603E-02;-1,447831E-02;-5,616086E-03;1,424751E-02
3,220000000000E+02;5,405906E-02;4,267120E-01;6,190421E-02;-1,643536E-02;-5,761119E-03;1,452868E-02
3,225000000000E+02;5,941053E-02;4,314772E-01;6,332024E-02;-1,811302E-02;-5,594551E-03;1,492842E-02
3,230000000000E+02;6,472317E-02;4,349400E-01;6,371847E-02;-1,905600E-02;-5,557413E-03;1,522211E-02
3,235000000000E+02;6,920765E-02;4,395788E-01;6,591039E-02;-2,114179E-02;-5,556463E-03;1,568983E-02
3,240000000000E+02;7,387449E-02;4,453414E-01;6,645687E-02;-2,232920E-02;-5,384791E-03;1,590977E-02
3,245000000000E+02;7,933164E-02;4,514442E-01;6,667682E-02;-2,352165E-02;-5,488547E-03;1,609378E-02
3,250000000000E+02;8,512527E-02;4,560562E-01;6,747916E-02;-2,420373E-02;-5,577886E-03;1,627339E-02
3,255000000000E+02;9,030893E-02;4,604017E-01;6,915832E-02;-2,593173E-02;-5,641238E-03;1,673707E-02
3,260000000000E+02;9,920704E-02;4,647695E-01;7,025705E-02;-2,970360E-02;-5,286436E-03;1,731119E-02
3,265000000000E+02;1,037823E-01;4,662201E-01;7,073063E-02;-3,098524E-02;-5,055407E-03;1,743595E-02
3,270000000000E+02;1,111947E-01;4,722352E-01;7,257243E-02;-3,354891E-02;-4,847925E-03;1,781066E-02
3,275000000000E+02;1,151148E-01;4,760264E-01;7,288143E-02;-3,408778E-02;-5,008793E-03;1,786983E-02
3,280000000000E+02;1,194648E-01;4,778312E-01;7,155160E-02;-3,336387E-02;-4,848810E-03;1,755459E-02
3,285000000000E+02;1,274054E-01;4,811946E-01;7,261218E-02;-3,684111E-02;-4,448154E-03;1,741789E-02
3,290000000000E+02;1,373185E-01;4,853037E-01;7,350191E-02;-4,041019E-02;-4,370321E-03;1,819265E-02
3,295000000000E+02;1,433542E-01;4,878603E-01;7,388598E-02;-4,136033E-02;-4,210868E-03;1,886524E-02
3,300000000000E+02;1,495642E-01;4,898678E-01;7,351682E-02;-4,114621E-02;-4,173105E-03;1,877421E-02
3,305000000000E+02;1,545953E-01;4,932309E-01;7,476664E-02;-4,350928E-02;-4,151552E-03;1,893858E-02
3,310000000000E+02;1,657453E-01;4,976323E-01;7,606073E-02;-4,791781E-02;-3,861206E-03;1,956677E-02
3,315000000000E+02;1,713928E-01;4,986230E-01;7,631377E-02;-4,946639E-02;-3,847388E-03;1,976504E-02
3,320000000000E+02;1,802923E-01;5,015116E-01;7,626195E-02;-5,264397E-02;-3,690317E-03;1,977997E-02
3,325000000000E+02;1,857252E-01;5,030606E-01;7,600901E-02;-5,442379E-02;-3,106421E-03;2,034710E-02
3,330000000000E+02;1,960573E-01;5,039607E-01;7,564098E-02;-5,723351E-02;-2,529252E-03;2,078733E-02
3,335000000000E+02;2,051725E-01;5,052361E-01;7,540934E-02;-5,916592E-02;-2,264118E-03;2,109379E-02
3,340000000000E+02;2,113220E-01;5,067593E-01;7,568418E-02;-6,425652E-02;-2,372090E-03;2,159717E-02
3,345000000000E+02;2,208257E-01;5,064718E-01;7,487869E-02;-6,701574E-02;-2,011027E-03;2,188193E-02
3,350000000000E+02;2,269251E-01;5,065914E-01;7,453113E-02;-6,810855E-02;-1,935059E-03;2,191824E-02
3,355000000000E+02;2,322526E-01;5,056141E-01;7,419904E-02;-6,946872E-02;-1,814655E-03;2,168695E-02
3,360000000000E+02;2,423354E-01;5,067528E-01;7,341854E-02;-7,260889E-02;-1,711397E-03;2,182963E-02
3,365000000000E+02;2,513919E-01;5,073082E-01;7,270971E-02;-7,652686E-02;-1,321957E-03;2,251606E-02
3,370000000000E+02;2,584249E-01;5,051805E-01;7,142128E-02;-7,807074E-02;-1,035434E-03;2,254924E-02
3,375000000000E+02;2,688496E-01;5,052169E-01;6,967904E-02;-8,165862E-02;-3,057437E-04;2,280116E-02
3,380000000000E+02;2,743295E-01;5,031989E-01;6,923512E-02;-8,019886E-02;1,065136E-04;2,237731E-02
3,385000000000E+02;2,810068E-01;5,020958E-01;6,781067E-02;-8,358514E-02;5,151205E-04;2,247932E-02
3,390000000000E+02;2,884791E-01;5,000752E-01;6,607352E-02;-8,759629E-02;7,931761E-04;2,294523E-02
3,395000000000E+02;2,954563E-01;4,987528E-01;6,548034E-02;-8,791489E-02;1,167279E-03;2,292730E-02
3,400000000000E+02;3,035738E-01;4,970167E-01;6,448902E-02;-8,706831E-02;1,443788E-03;2,264306E-02
3,405000000000E+02;3,095552E-01;4,944122E-01;6,294965E-02;-8,896023E-02;1,647834E-03;2,255699E-02
3,410000000000E+02;3,165762E-01;4,918094E-01;6,116595E-02;-9,148552E-02;2,118135E-03;2,262314E-02
3,415000000000E+02;3,231879E-01;4,896261E-01;6,017713E-02;-9,177940E-02;2,402305E-03;2,282595E-02
3,420000000000E+02;3,284945E-01;4,871737E-01;5,796465E-02;-9,418444E-02;2,462874E-03;2,299395E-02
3,425000000000E+02;3,395462E-01;4,806851E-01;5,268684E-02;-9,962917E-02;3,506320E-03;2,331529E-02
3,430000000000E+02;3,470357E-01;4,782414E-01;5,071016E-02;-1,024645E-01;3,981699E-03;2,368711E-02
3,435000000000E+02;3,505043E-01;4,762292E-01;5,040356E-02;-1,027621E-01;3,949459E-03;2,357318E-02
3,440000000000E+02;3,587650E-01;4,725987E-01;4,827280E-02;-1,040953E-01;4,589245E-03;2,354382E-02
3,445000000000E+02;3,671749E-01;4,700010E-01;4,539887E-02;-1,058215E-01;5,345139E-03;2,353677E-02
3,450000000000E+02;3,704522E-01;4,667928E-01;4,394500E-02;-1,072132E-01;5,390020E-03;2,337389E-02
3,455000000000E+02;3,732604E-01;4,636403E-01;4,139362E-02;-1,087542E-01;5,590458E-03;2,337733E-02
3,460000000000E+02;3,776587E-01;4,597976E-01;3,939606E-02;-1,093583E-01;5,687907E-03;2,348036E-02
3,465000000000E+02;3,848929E-01;4,548646E-01;3,791187E-02;-1,097466E-01;5,890611E-03;2,328663E-02
3,470000000000E+02;3,909440E-01;4,493270E-01;3,628461E-02;-1,099404E-01;6,568213E-03;2,301765E-02
3,475000000000E+02;3,973162E-01;4,441186E-01;3,138720E-02;-1,116156E-01;7,249104E-03;2,329596E-02
3,480000000000E+02;4,007067E-01;4,420603E-01;2,767469E-02;-1,139636E-01;7,546062E-03;2,343132E-02
3,485000000000E+02;4,082999E-01;4,366697E-01;2,795788E-02;-1,126281E-01;7,803942E-03;2,304870E-02
3,490000000000E+02;4,120344E-01;4,331183E-01;2,756751E-02;-1,125917E-01;7,898998E-03;2,302356E-02
3,495000000000E+02;4,156639E-01;4,260305E-01;2,395552E-02;-1,126827E-01;8,459408E-03;2,274547E-02
3,500000000000E+02;4,191442E-01;4,220372E-01;2,134289E-02;-1,133979E-01;8,857789E-03;2,272394E-02
3,505000000000E+02;4,247475E-01;4,186676E-01;1,826457E-02;-1,141686E-01;9,415243E-03;2,249206E-02
3,510000000000E+02;4,278530E-01;4,140172E-01;1,707193E-02;-1,139573E-01;9,419778E-03;2,227400E-02
3,515000000000E+02;4,309995E-01;4,086565E-01;1,649380E-02;-1,133883E-01;9,459455E-03;2,214269E-02
3,520000000000E+02;4,341422E-01;4,042327E-01;1,340426E-02;-1,133890E-01;9,904465E-03;2,199559E-02
3,525000000000E+02;4,366337E-01;3,988390E-01;1,146304E-02;-1,128018E-01;1,019007E-02;2,173516E-02
3,530000000000E+02;4,407843E-01;3,931194E-01;7,934490E-03;-1,131245E-01;1,042383E-02;2,141166E-02
3,535000000000E+02;4,457579E-01;3,863112E-01;1,667845E-03;-1,141867E-01;1,111822E-02;2,137292E-02
3,540000000000E+02;4,480425E-01;3,828710E-01;-2,231094E-03;-1,148556E-01;1,169551E-02;2,132569E-02
3,545000000000E+02;4,498315E-01;3,775181E-01;3,154772E-05;-1,134190E-01;1,137597E-02;2,100500E-02
3,550000000000E+02;4,522883E-01;3,718320E-01;4,308878E-04;-1,117616E-01;1,122346E-02;2,094711E-02
3,555000000000E+02;4,550929E-01;3,692654E-01;-3,803231E-03;-1,119244E-01;1,173599E-02;2,103614E-02
3,560000000000E+02;4,578215E-01;3,616463E-01;-7,959255E-03;-1,107729E-01;1,246855E-02;2,015680E-02
3,565000000000E+02;4,592497E-01;3,570515E-01;-8,928031E-03;-1,102219E-01;1,260844E-02;1,991016E-02
3,570000000000E+02;4,611774E-01;3,522568E-01;-9,920753E-03;-1,093441E-01;1,250023E-02;1,972337E-02
3,575000000000E+02;4,621956E-01;3,490775E-01;-1,179987E-02;-1,089025E-01;1,269197E-02;1,938541E-02
3,580000000000E+02;4,666108E-01;3,416651E-01;-1,653610E-02;-1,077800E-01;1,339481E-02;1,874444E-02
3,585000000000E+02;4,670892E-01;3,377690E-01;-1,788217E-02;-1,071234E-01;1,347825E-02;1,884872E-02
3,590000000000E+02;4,678971E-01;3,332590E-01;-1,900090E-02;-1,062980E-01;1,350510E-02;1,861943E-02
3,595000000000E+02;4,691970E-01;3,290229E-01;-1,962112E-02;-1,058301E-01;1,365229E-02;1,853872E-02
3,600000000000E+02;4,701692E-01;3,222182E-01;-2,090738E-02;-1,041267E-01;1,366582E-02;1,817150E-02
3,605000000000E+02;4,710512E-01;3,168710E-01;-2,456669E-02;-1,021843E-01;1,408703E-02;1,775872E-02
3,610000000000E+02;4,722185E-01;3,137888E-01;-2,432608E-02;-1,024707E-01;1,430033E-02;1,763220E-02
3,615000000000E+02;4,729291E-01;3,116425E-01;-2,506588E-02;-1,021825E-01;1,431186E-02;1,764371E-02
3,620000000000E+02;4,732640E-01;3,044476E-01;-2,873762E-02;-9,889963E-02;1,452887E-02;1,732075E-02
3,625000000000E+02;4,741974E-01;2,982686E-01;-3,050968E-02;-9,754268E-02;1,455940E-02;1,721068E-02
3,630000000000E+02;4,741935E-01;2,944930E-01;-3,174331E-02;-9,701333E-02;1,447323E-02;1,673579E-02
3,635000000000E+02;4,746967E-01;2,890518E-01;-3,217952E-02;-9,586450E-02;1,467898E-02;1,617292E-02
3,640000000000E+02;4,757534E-01;2,857380E-01;-3,377346E-02;-9,414342E-02;1,474722E-02;1,596622E-02
3,645000000000E+02;4,754538E-01;2,841715E-01;-3,360204E-02;-9,390005E-02;1,448295E-02;1,586879E-02
3,650000000000E+02;4,749331E-01;2,780524E-01;-3,403459E-02;-9,264998E-02;1,467078E-02;1,541770E-02
3,655000000000E+02;4,737775E-01;2,728144E-01;-3,582714E-02;-9,083977E-02;1,488407E-02;1,514112E-02
3,660000000000E+02;4,729753E-01;2,694534E-01;-3,636313E-02;-8,999848E-02;1,497257E-02;1,509880E-02
3,665000000000E+02;4,740240E-01;2,644884E-01;-3,730742E-02;-8,892956E-02;1,502217E-02;1,492538E-02
3,670000000000E+02;4,726772E-01;2,634555E-01;-3,667070E-02;-8,819685E-02;1,489510E-02;1,481962E-02
3,675000000000E+02;4,725413E-01;2,564619E-01;-3,876432E-02;-8,564163E-02;1,503732E-02;1,415706E-02
3,680000000000E+02;4,724918E-01;2,531925E-01;-3,969619E-02;-8,495158E-02;1,515003E-02;1,399728E-02
3,685000000000E+02;4,721913E-01;2,501095E-01;-4,007573E-02;-8,427289E-02;1,530493E-02;1,372757E-02
3,690000000000E+02;4,722516E-01;2,456459E-01;-4,107131E-02;-8,232702E-02;1,556035E-02;1,341411E-02
3,695000000000E+02;4,715649E-01;2,418861E-01;-4,158356E-02;-8,115539E-02;1,567351E-02;1,312240E-02
3,700000000000E+02;4,718162E-01;2,378550E-01;-4,340263E-02;-7,971478E-02;1,547534E-02;1,268858E-02
3,705000000000E+02;4,701991E-01;2,341618E-01;-4,456583E-02;-7,760771E-02;1,556341E-02;1,274848E-02
3,710000000000E+02;4,682202E-01;2,309750E-01;-4,450377E-02;-7,683920E-02;1,560282E-02;1,259665E-02
3,715000000000E+02;4,675626E-01;2,281945E-01;-4,567948E-02;-7,486220E-02;1,564067E-02;1,227234E-02
3,720000000000E+02;4,665475E-01;2,252940E-01;-4,688450E-02;-7,282732E-02;1,573016E-02;1,197889E-02
3,725000000000E+02;4,651481E-01;2,223986E-01;-4,652543E-02;-7,204588E-02;1,569017E-02;1,171296E-02
3,730000000000E+02;4,631801E-01;2,182557E-01;-4,649568E-02;-7,172256E-02;1,566434E-02;1,154723E-02
3,735000000000E+02;4,624121E-01;2,152612E-01;-4,620998E-02;-7,087150E-02;1,568625E-02;1,158880E-02
3,740000000000E+02;4,619963E-01;2,121100E-01;-4,658114E-02;-6,950863E-02;1,567375E-02;1,123644E-02
3,745000000000E+02;4,605793E-01;2,091675E-01;-4,683359E-02;-6,836235E-02;1,559064E-02;1,092538E-02
3,750000000000E+02;4,595018E-01;2,066666E-01;-4,713284E-02;-6,764967E-02;1,554942E-02;1,062944E-02
3,755000000000E+02;4,579875E-01;2,052473E-01;-4,747027E-02;-6,643934E-02;1,561359E-02;1,058214E-02
3,760000000000E+02;4,572544E-01;2,033216E-01;-4,768810E-02;-6,497817E-02;1,564650E-02;1,058164E-02
3,765000000000E+02;4,563439E-01;2,004128E-01;-4,755870E-02;-6,472658E-02;1,546997E-02;1,027323E-02
3,770000000000E+02;4,545372E-01;1,987133E-01;-4,809187E-02;-6,361216E-02;1,540766E-02;1,002591E-02
3,775000000000E+02;4,532584E-01;1,958592E-01;-4,889886E-02;-6,193843E-02;1,529779E-02;9,614044E-03
3,780000000000E+02;4,525555E-01;1,936949E-01;-4,937719E-02;-6,018462E-02;1,533829E-02;9,372118E-03
3,785000000000E+02;4,509810E-01;1,922579E-01;-4,935628E-02;-5,886728E-02;1,552114E-02;9,412176E-03
3,790000000000E+02;4,497052E-01;1,893624E-01;-4,911883E-02;-5,841537E-02;1,548738E-02;9,060003E-03
3,795000000000E+02;4,473665E-01;1,861101E-01;-4,967945E-02;-5,639482E-02;1,543801E-02;8,701790E-03
3,800000000000E+02;4,462757E-01;1,843848E-01;-4,979799E-02;-5,525592E-02;1,533973E-02;8,350477E-03
3,805000000000E+02;4,454740E-01;1,833240E-01;-4,932928E-02;-5,449909E-02;1,515425E-02;8,301952E-03
3,810000000000E+02;4,436843E-01;1,817210E-01;-4,926804E-02;-5,310599E-02;1,496651E-02;8,277467E-03
3,815000000000E+02;4,424584E-01;1,789672E-01;-4,980962E-02;-5,133139E-02;1,513357E-02;7,803505E-03
3,820000000000E+02;4,418799E-01;1,777736E-01;-4,997872E-02;-4,998098E-02;1,520098E-02;7,345037E-03
3,825000000000E+02;4,414618E-01;1,763058E-01;-5,009999E-02;-4,894495E-02;1,506729E-02;7,415934E-03
3,830000000000E+02;4,402810E-01;1,758261E-01;-4,974663E-02;-4,767500E-02;1,500117E-02;7,264906E-03
3,835000000000E+02;4,387595E-01;1,736567E-01;-4,919105E-02;-4,712282E-02;1,464462E-02;7,109216E-03
3,840000000000E+02;4,373414E-01;1,709413E-01;-4,882797E-02;-4,511519E-02;1,443779E-02;6,899498E-03
3,845000000000E+02;4,371464E-01;1,699515E-01;-4,879772E-02;-4,340367E-02;1,441909E-02;7,007936E-03
3,850000000000E+02;4,363130E-01;1,693783E-01;-4,852654E-02;-4,313353E-02;1,440289E-02;6,839518E-03
3,855000000000E+02;4,351646E-01;1,683351E-01;-4,789295E-02;-4,310430E-02;1,422310E-02;6,404413E-03
3,860000000000E+02;4,350791E-01;1,653864E-01;-4,774067E-02;-4,164494E-02;1,393958E-02;5,836877E-03
3,865000000000E+02;4,347694E-01;1,640003E-01;-4,757196E-02;-4,009999E-02;1,376103E-02;5,945920E-03
3,870000000000E+02;4,335692E-01;1,621674E-01;-4,722581E-02;-3,839401E-02;1,392335E-02;5,802675E-03
3,875000000000E+02;4,328904E-01;1,601077E-01;-4,647439E-02;-3,726790E-02;1,363741E-02;5,681257E-03
3,880000000000E+02;4,319320E-01;1,591582E-01;-4,582949E-02;-3,676062E-02;1,340115E-02;5,685787E-03
3,885000000000E+02;4,311995E-01;1,574122E-01;-4,536513E-02;-3,588719E-02;1,317504E-02;5,359239E-03
3,890000000000E+02;4,308617E-01;1,553135E-01;-4,488394E-02;-3,518422E-02;1,318081E-02;5,178661E-03
3,895000000000E+02;4,306254E-01;1,543244E-01;-4,439223E-02;-3,475415E-02;1,343038E-02;5,372712E-03
3,900000000000E+02;4,296500E-01;1,520382E-01;-4,387657E-02;-3,447910E-02;1,296099E-02;5,212206E-03
3,905000000000E+02;4,285802E-01;1,510662E-01;-4,355508E-02;-3,413336E-02;1,298288E-02;5,315856E-03
3,910000000000E+02;4,278220E-01;1,492639E-01;-4,270131E-02;-3,395775E-02;1,273214E-02;5,367669E-03
3,915000000000E+02;4,265488E-01;1,465677E-01;-4,231052E-02;-3,270821E-02;1,272718E-02;5,298046E-03
3,920000000000E+02;4,252830E-01;1,445694E-01;-4,194655E-02;-3,150061E-02;1,276907E-02;5,392755E-03
3,925000000000E+02;4,238202E-01;1,428952E-01;-4,168101E-02;-3,083711E-02;1,264684E-02;5,305016E-03
3,930000000000E+02;4,224912E-01;1,402313E-01;-4,147235E-02;-2,980590E-02;1,244175E-02;5,090156E-03
3,935000000000E+02;4,220263E-01;1,388643E-01;-4,065655E-02;-2,932000E-02;1,243979E-02;5,117916E-03
3,940000000000E+02;4,210003E-01;1,378426E-01;-4,008723E-02;-2,975381E-02;1,243158E-02;5,143303E-03
3,945000000000E+02;4,193622E-01;1,360766E-01;-3,942715E-02;-2,945452E-02;1,241845E-02;5,006013E-03
3,950000000000E+02;4,183009E-01;1,347199E-01;-3,893622E-02;-2,870977E-02;1,224619E-02;4,594977E-03
3,955000000000E+02;4,161851E-01;1,326133E-01;-3,861511E-02;-2,770503E-02;1,223396E-02;4,679658E-03
3,960000000000E+02;4,151352E-01;1,311074E-01;-3,824049E-02;-2,696329E-02;1,187298E-02;4,679014E-03
3,965000000000E+02;4,134528E-01;1,290850E-01;-3,788927E-02;-2,638209E-02;1,165072E-02;4,780797E-03
3,970000000000E+02;4,124565E-01;1,275741E-01;-3,786869E-02;-2,605249E-02;1,172523E-02;4,855764E-03
3,975000000000E+02;4,110497E-01;1,261490E-01;-3,756717E-02;-2,541040E-02;1,175369E-02;4,628596E-03
3,980000000000E+02;4,083970E-01;1,245574E-01;-3,689497E-02;-2,472597E-02;1,187442E-02;4,666506E-03
3,985000000000E+02;4,072649E-01;1,228739E-01;-3,634454E-02;-2,464645E-02;1,195110E-02;4,507625E-03
3,990000000000E+02;4,059319E-01;1,219350E-01;-3,594649E-02;-2,393563E-02;1,176819E-02;4,166459E-03
3,995000000000E+02;4,047503E-01;1,209037E-01;-3,561145E-02;-2,359985E-02;1,178295E-02;4,294666E-03
4,000000000000E+02;4,030506E-01;1,188519E-01;-3,533536E-02;-2,281020E-02;1,185518E-02;4,267680E-03
