CSVFormatType;Spectrum2DReal
SinglePrecision;True
DataLength;801                 
First;0,000000000000E+00
Delta;5,000000000000E-01
AxisUnit;Hz
AxisValueExists;1
Signals;4
Date;06/14/2023 13:15:11

Name;Signal 1;Signal 2;Signal 3;Signal 4
FunctionType;SpectrumAuto;SpectrumAuto;SpectrumAuto;SpectrumAuto
Unit;(N)^2;(m/s^2)^2;(m/s^2)^2;(m/s^2)^2
SpectralUnit;POWER;POWER;POWER;POWER
TimeWeighting;Hanning;Hanning;Hanning;Hanning
NoiseBandWidth;1,5;1,5;1,5;1,5

';Signal 1;Signal 2;Signal 3;Signal 4
';(N)^2;(m/s^2)^2;(m/s^2)^2;(m/s^2)^2
0,000000000000E+00;3,748040E-07;7,229974E-06;1,231132E-05;3,277870E-04
5,000000000000E-01;3,189841E-06;4,337759E-06;9,756293E-06;2,331401E-04
1,000000000000E+00;9,414926E-06;1,345851E-07;3,745251E-07;2,956265E-05
1,500000000000E+00;2,603968E-06;8,996979E-08;7,002031E-08;1,332173E-05
2,000000000000E+00;1,394324E-07;5,087998E-08;4,585662E-08;1,004304E-05
2,500000000000E+00;8,824992E-08;3,498353E-08;3,914986E-08;5,866141E-06
3,000000000000E+00;9,568206E-08;4,578073E-08;3,636581E-08;2,249832E-06
3,500000000000E+00;1,901076E-07;3,191596E-08;2,028393E-08;1,938287E-06
4,000000000000E+00;6,716585E-07;2,384138E-08;1,246490E-08;1,510643E-06
4,500000000000E+00;1,116929E-06;1,957241E-08;7,246644E-09;7,542561E-07
5,000000000000E+00;1,207502E-04;1,453977E-08;1,499830E-08;5,709159E-07
5,500000000000E+00;7,655140E-04;1,664191E-08;3,598672E-08;5,354233E-07
6,000000000000E+00;3,525401E-04;1,703192E-08;2,246734E-08;3,856134E-07
6,500000000000E+00;8,667482E-06;1,450916E-08;1,171662E-08;2,576955E-07
7,000000000000E+00;6,464899E-07;1,908430E-08;7,910351E-09;2,721409E-07
7,500000000000E+00;1,450353E-07;1,324799E-08;8,786958E-09;2,011904E-07
8,000000000000E+00;2,705078E-08;9,305826E-09;6,354025E-09;1,670829E-07
8,500000000000E+00;2,138486E-08;9,611988E-09;8,768457E-09;1,219946E-07
9,000000000000E+00;1,463035E-08;1,488124E-08;1,357118E-08;1,232658E-07
9,500000000000E+00;1,207326E-08;1,193532E-08;1,176450E-08;1,188907E-07
1,000000000000E+01;5,845233E-09;5,348742E-09;1,021221E-08;1,394357E-07
1,050000000000E+01;3,647710E-09;7,807885E-09;7,624648E-09;1,487798E-07
1,100000000000E+01;3,234834E-09;7,825079E-09;5,603798E-09;9,226493E-08
1,150000000000E+01;2,462565E-09;6,407219E-09;7,358484E-09;9,633516E-08
1,200000000000E+01;2,769229E-09;8,152193E-09;9,571375E-09;7,192678E-08
1,250000000000E+01;3,233414E-09;9,005050E-09;9,448534E-09;5,330588E-08
1,300000000000E+01;2,761044E-09;5,685616E-09;1,149448E-08;5,708675E-08
1,350000000000E+01;2,418181E-09;5,222205E-09;9,430289E-09;8,923529E-08
1,400000000000E+01;3,517475E-09;8,733483E-09;7,005165E-09;5,957665E-08
1,450000000000E+01;1,900005E-09;9,366326E-09;4,694881E-09;4,421112E-08
1,500000000000E+01;2,233234E-09;6,682819E-09;5,414234E-09;3,836100E-08
1,550000000000E+01;2,895663E-09;5,921520E-09;7,375072E-09;7,227244E-08
1,600000000000E+01;2,050088E-09;8,359451E-09;6,017991E-09;5,963102E-08
1,650000000000E+01;2,570398E-09;8,534706E-09;4,884116E-09;2,914265E-08
1,700000000000E+01;2,144242E-09;4,578565E-09;4,312153E-09;1,946303E-08
1,750000000000E+01;4,075138E-09;7,797391E-09;6,931974E-09;3,345700E-08
1,800000000000E+01;3,522944E-09;1,081303E-08;6,175185E-09;2,608873E-08
1,850000000000E+01;3,069010E-09;9,011953E-09;9,166495E-09;3,073902E-08
1,900000000000E+01;6,303658E-09;8,458858E-09;9,842027E-09;3,474597E-08
1,950000000000E+01;8,264472E-09;1,169165E-08;2,012721E-08;4,297995E-08
2,000000000000E+01;1,568993E-08;2,358934E-08;5,527430E-08;7,822106E-08
2,050000000000E+01;3,069663E-08;3,243535E-08;8,391936E-08;1,341581E-07
2,100000000000E+01;4,486665E-08;5,057958E-08;1,154739E-07;2,318141E-07
2,150000000000E+01;2,081801E-08;2,853323E-08;6,338433E-08;1,363666E-07
2,200000000000E+01;4,744105E-09;8,818042E-09;2,087820E-08;5,328117E-08
2,250000000000E+01;3,594725E-09;8,855539E-09;1,743497E-08;4,237321E-08
2,300000000000E+01;1,848934E-09;6,776812E-09;1,019657E-08;1,972287E-08
2,350000000000E+01;1,217823E-09;5,883557E-09;5,406481E-09;9,824479E-09
2,400000000000E+01;1,106469E-09;4,818529E-09;4,353137E-09;1,293315E-08
2,450000000000E+01;2,017480E-09;3,278931E-09;5,319738E-09;1,217597E-08
2,500000000000E+01;2,206755E-09;2,648539E-09;5,341982E-09;1,268046E-08
2,550000000000E+01;1,494919E-09;2,687168E-09;4,578049E-09;1,719759E-08
2,600000000000E+01;1,083682E-09;2,942140E-09;3,679985E-09;1,748458E-08
2,650000000000E+01;1,256056E-09;2,681452E-09;3,652685E-09;1,609565E-08
2,700000000000E+01;1,263231E-09;2,185042E-09;3,580095E-09;1,108901E-08
2,750000000000E+01;1,305101E-09;2,246057E-09;3,330396E-09;7,231983E-09
2,800000000000E+01;1,695942E-09;3,040878E-09;2,568418E-09;1,204774E-08
2,850000000000E+01;1,664909E-09;3,797877E-09;3,329117E-09;1,109372E-08
2,900000000000E+01;1,305999E-09;3,702047E-09;3,975815E-09;8,981358E-09
2,950000000000E+01;1,668817E-09;2,823804E-09;3,831659E-09;5,771378E-09
3,000000000000E+01;1,394695E-09;2,908077E-09;5,549958E-09;7,662025E-09
3,050000000000E+01;1,341532E-09;2,791962E-09;4,530361E-09;1,105039E-08
3,100000000000E+01;1,244913E-09;2,246492E-09;2,456030E-09;1,014808E-08
3,150000000000E+01;1,535138E-09;2,359577E-09;3,526253E-09;8,887024E-09
3,200000000000E+01;2,341582E-09;2,364182E-09;2,797617E-09;9,667711E-09
3,250000000000E+01;1,850694E-09;2,090937E-09;3,633949E-09;9,295674E-09
3,300000000000E+01;2,158001E-09;1,808720E-09;5,014977E-09;7,868382E-09
3,350000000000E+01;2,370829E-09;1,936381E-09;4,337112E-09;7,021817E-09
3,400000000000E+01;2,247408E-09;1,852956E-09;2,663661E-09;5,842443E-09
3,450000000000E+01;1,898095E-09;2,462383E-09;3,390075E-09;7,356233E-09
3,500000000000E+01;1,756700E-09;3,109045E-09;3,493864E-09;6,219949E-09
3,550000000000E+01;1,858438E-09;1,610508E-09;3,930266E-09;9,300333E-09
3,600000000000E+01;3,644414E-09;1,282434E-09;4,312653E-09;1,303562E-08
3,650000000000E+01;2,933984E-09;2,687018E-09;4,382369E-09;1,004124E-08
3,700000000000E+01;3,162544E-09;2,750815E-09;3,514546E-09;8,304602E-09
3,750000000000E+01;2,967464E-09;2,241960E-09;4,901826E-09;9,517152E-09
3,800000000000E+01;2,567253E-09;3,139966E-09;5,557125E-09;1,049126E-08
3,850000000000E+01;5,091871E-09;3,711478E-09;4,937317E-09;1,237264E-08
3,900000000000E+01;6,884241E-09;2,539235E-09;6,158828E-09;1,571020E-08
3,950000000000E+01;1,143709E-08;2,876639E-09;4,158824E-09;1,052688E-08
4,000000000000E+01;2,042432E-08;2,270014E-09;3,954608E-09;1,429639E-08
4,050000000000E+01;4,531146E-08;1,972671E-09;4,701832E-09;1,318672E-08
4,100000000000E+01;6,583454E-08;2,460617E-09;3,594191E-09;8,441596E-09
4,150000000000E+01;1,370459E-07;2,289541E-09;5,058459E-09;1,311548E-08
4,200000000000E+01;2,042615E-07;1,499639E-09;8,056649E-09;1,610747E-08
4,250000000000E+01;7,495702E-07;1,536376E-09;1,250982E-08;3,055453E-08
4,300000000000E+01;2,255079E-06;2,729662E-09;2,061059E-08;7,150819E-08
4,350000000000E+01;1,890649E-06;3,203330E-09;1,560780E-08;6,067005E-08
4,400000000000E+01;4,525268E-06;6,574801E-09;3,139622E-08;1,329739E-07
4,450000000000E+01;9,179551E-06;1,433521E-08;7,176079E-08;2,921633E-07
4,500000000000E+01;2,410209E-05;4,244735E-08;1,582485E-07;7,544469E-07
4,550000000000E+01;5,520644E-05;1,003996E-07;3,429173E-07;1,716192E-06
4,600000000000E+01;1,438576E-04;3,050388E-07;9,067457E-07;4,680915E-06
4,650000000000E+01;2,542343E-04;6,484220E-07;1,630029E-06;8,629003E-06
4,700000000000E+01;6,458734E-04;1,937379E-06;4,078058E-06;2,266183E-05
4,750000000000E+01;1,185172E-03;4,004557E-06;7,276459E-06;4,239075E-05
4,800000000000E+01;1,265788E-03;4,995698E-06;7,826842E-06;4,706783E-05
4,850000000000E+01;1,953383E-03;8,970733E-06;1,214373E-05;7,676161E-05
4,900000000000E+01;2,294865E-03;1,164164E-05;1,415846E-05;9,301760E-05
4,950000000000E+01;1,907742E-03;1,139550E-05;1,166551E-05;8,108203E-05
5,000000000000E+01;3,409793E-03;2,317417E-05;2,032690E-05;1,506291E-04
5,050000000000E+01;5,661792E-03;4,321770E-05;3,293562E-05;2,591758E-04
5,100000000000E+01;6,013691E-03;4,931415E-05;3,431444E-05;2,811274E-04
5,150000000000E+01;2,742066E-03;2,505114E-05;1,517891E-05;1,325257E-04
5,200000000000E+01;3,247311E-03;3,416540E-05;1,726093E-05;1,643457E-04
5,250000000000E+01;3,644220E-03;4,154855E-05;1,892440E-05;1,898920E-04
5,300000000000E+01;5,036937E-03;6,591706E-05;2,521416E-05;2,773139E-04
5,350000000000E+01;5,297336E-03;7,420059E-05;2,618256E-05;2,996105E-04
5,400000000000E+01;4,012797E-03;6,489926E-05;1,964554E-05;2,426800E-04
5,450000000000E+01;4,881481E-03;8,848879E-05;2,350754E-05;3,118856E-04
5,500000000000E+01;5,417529E-03;1,110365E-04;2,561839E-05;3,697264E-04
5,550000000000E+01;5,655908E-03;1,273997E-04;2,625471E-05;4,064263E-04
5,600000000000E+01;4,154554E-03;1,073968E-04;1,894830E-05;3,215135E-04
5,650000000000E+01;5,174114E-03;1,501942E-04;2,327170E-05;4,279978E-04
5,700000000000E+01;6,557868E-03;2,204839E-04;2,913036E-05;5,913571E-04
5,750000000000E+01;7,928119E-03;2,929251E-04;3,481242E-05;7,576707E-04
5,800000000000E+01;5,861993E-03;2,461663E-04;2,519776E-05;6,067010E-04
5,850000000000E+01;5,213087E-03;2,494207E-04;2,179972E-05;5,871306E-04
5,900000000000E+01;5,437322E-03;3,036685E-04;2,204667E-05;6,789530E-04
5,950000000000E+01;8,628680E-03;5,437001E-04;3,432477E-05;1,169128E-03
6,000000000000E+01;6,823468E-03;4,746706E-04;2,667370E-05;9,896788E-04
6,050000000000E+01;3,742524E-03;3,053207E-04;1,412822E-05;6,072819E-04
6,100000000000E+01;4,401378E-03;4,301501E-04;1,574512E-05;8,157271E-04
6,150000000000E+01;4,844018E-03;5,319811E-04;1,681744E-05;9,813294E-04
6,200000000000E+01;4,694353E-03;6,158497E-04;1,489707E-05;1,083281E-03
6,250000000000E+01;7,433852E-03;1,053747E-03;2,153212E-05;1,809548E-03
6,300000000000E+01;5,306867E-03;8,405871E-04;1,446803E-05;1,407469E-03
6,350000000000E+01;4,501318E-03;9,002774E-04;1,124935E-05;1,443365E-03
6,400000000000E+01;4,387205E-03;1,006616E-03;1,020017E-05;1,575004E-03
6,450000000000E+01;3,027779E-03;8,648289E-04;6,201920E-06;1,304112E-03
6,500000000000E+01;3,295571E-03;1,160460E-03;5,793457E-06;1,696919E-03
6,550000000000E+01;3,437307E-03;1,494298E-03;4,941179E-06;2,124885E-03
6,600000000000E+01;3,354372E-03;1,850275E-03;3,632115E-06;2,555988E-03
6,650000000000E+01;4,562753E-03;3,368728E-03;2,940120E-06;4,504983E-03
6,700000000000E+01;6,065235E-03;5,164937E-03;2,319519E-06;6,797963E-03
6,750000000000E+01;4,101022E-03;4,001081E-03;8,426330E-07;5,199116E-03
6,800000000000E+01;2,244448E-03;3,323713E-03;2,885498E-07;4,177226E-03
6,850000000000E+01;2,708544E-03;5,991905E-03;1,873717E-06;7,333154E-03
6,900000000000E+01;2,859622E-03;1,060854E-02;9,847800E-06;1,262964E-02
6,950000000000E+01;3,520321E-03;2,012170E-02;3,002940E-05;2,353258E-02
7,000000000000E+01;2,453981E-03;3,029653E-02;7,728254E-05;3,457240E-02
7,050000000000E+01;1,774872E-03;4,681437E-02;1,619693E-04;5,249692E-02
7,100000000000E+01;8,032872E-04;5,422391E-02;2,553997E-04;5,957970E-02
7,150000000000E+01;1,267732E-03;5,530374E-02;3,389962E-04;5,958962E-02
7,200000000000E+01;1,895196E-03;4,132396E-02;3,004211E-04;4,388797E-02
7,250000000000E+01;2,396037E-03;2,042210E-02;1,914140E-04;2,121653E-02
7,300000000000E+01;3,261688E-03;1,788240E-02;1,980621E-04;1,828388E-02
7,350000000000E+01;3,411769E-03;1,172859E-02;1,592366E-04;1,176174E-02
7,400000000000E+01;6,563467E-03;1,619571E-02;2,571646E-04;1,597780E-02
7,450000000000E+01;7,856930E-03;1,536829E-02;2,735860E-04;1,496855E-02
7,500000000000E+01;7,112497E-03;1,076501E-02;2,180776E-04;1,032490E-02
7,550000000000E+01;8,109954E-03;9,660407E-03;2,225495E-04;9,123291E-03
7,600000000000E+01;6,967699E-03;7,060198E-03;1,781487E-04;6,594004E-03
7,650000000000E+01;3,795391E-03;3,235387E-03;9,002462E-05;2,982819E-03
7,700000000000E+01;3,989137E-03;2,738009E-03;8,699319E-05;2,479594E-03
7,750000000000E+01;3,299206E-03;2,035013E-03;6,940990E-05;1,825782E-03
7,800000000000E+01;3,944469E-03;2,027092E-03;7,802863E-05;1,789648E-03
7,850000000000E+01;4,210657E-03;1,960117E-03;8,079556E-05;1,715462E-03
7,900000000000E+01;4,037338E-03;1,644451E-03;7,460079E-05;1,420840E-03
7,950000000000E+01;4,894631E-03;1,782655E-03;8,732818E-05;1,521547E-03
8,000000000000E+01;4,591760E-03;1,492001E-03;7,883710E-05;1,257723E-03
8,050000000000E+01;5,025634E-03;1,465694E-03;8,392336E-05;1,224165E-03
8,100000000000E+01;3,664527E-03;1,122563E-03;6,439811E-05;9,471878E-04
8,150000000000E+01;3,187090E-03;9,278605E-04;5,595718E-05;7,790388E-04
8,200000000000E+01;2,491349E-03;6,565835E-04;4,262902E-05;5,462272E-04
8,250000000000E+01;4,405400E-03;1,040214E-03;7,375948E-05;8,558722E-04
8,300000000000E+01;6,494127E-03;1,450028E-03;1,075976E-04;1,186605E-03
8,350000000000E+01;4,792736E-03;1,020171E-03;7,901798E-05;8,308956E-04
8,400000000000E+01;3,414106E-03;6,726215E-04;5,572815E-05;5,437149E-04
8,450000000000E+01;3,431352E-03;6,352359E-04;5,575564E-05;5,116716E-04
8,500000000000E+01;3,243625E-03;5,676020E-04;5,241997E-05;4,555543E-04
8,550000000000E+01;2,951320E-03;4,835761E-04;4,747526E-05;3,864744E-04
8,600000000000E+01;4,223319E-03;6,540128E-04;6,785475E-05;5,212551E-04
8,650000000000E+01;4,298687E-03;6,420105E-04;6,914880E-05;5,108949E-04
8,700000000000E+01;5,029025E-03;7,065090E-04;8,090053E-05;5,607319E-04
8,750000000000E+01;7,040286E-03;9,489011E-04;1,131176E-04;7,530099E-04
8,800000000000E+01;4,418230E-03;5,755938E-04;7,112270E-05;4,568886E-04
8,850000000000E+01;4,498954E-03;5,532621E-04;7,270894E-05;4,385029E-04
8,900000000000E+01;4,069259E-03;4,829518E-04;6,582753E-05;3,830141E-04
8,950000000000E+01;3,435547E-03;3,895703E-04;5,584653E-05;3,095896E-04
9,000000000000E+01;6,260613E-03;6,790145E-04;1,025285E-04;5,408355E-04
9,050000000000E+01;7,835556E-03;8,251870E-04;1,289051E-04;6,586053E-04
9,100000000000E+01;4,900860E-03;4,975324E-04;8,095241E-05;3,978975E-04
9,150000000000E+01;4,677878E-03;4,538720E-04;7,771864E-05;3,643204E-04
9,200000000000E+01;5,225870E-03;4,901079E-04;8,762466E-05;3,949508E-04
9,250000000000E+01;7,029307E-03;6,367975E-04;1,187775E-04;5,152275E-04
9,300000000000E+01;5,796450E-03;5,112627E-04;9,859188E-05;4,154971E-04
9,350000000000E+01;4,543506E-03;3,860867E-04;7,789954E-05;3,167136E-04
9,400000000000E+01;3,628216E-03;2,978752E-04;6,289395E-05;2,457257E-04
9,450000000000E+01;4,914835E-03;3,886515E-04;8,614769E-05;3,227427E-04
9,500000000000E+01;4,693385E-03;3,614523E-04;8,292332E-05;3,021837E-04
9,550000000000E+01;4,206838E-03;3,129341E-04;7,508032E-05;2,635654E-04
9,600000000000E+01;3,437894E-03;2,498484E-04;6,200604E-05;2,120364E-04
9,650000000000E+01;4,503057E-03;3,150246E-04;8,267495E-05;2,704814E-04
9,700000000000E+01;4,271183E-03;2,927138E-04;7,907967E-05;2,529284E-04
9,750000000000E+01;3,076790E-03;2,032816E-04;5,791575E-05;1,781409E-04
9,800000000000E+01;2,732444E-03;1,769528E-04;5,193470E-05;1,565244E-04
9,850000000000E+01;2,292888E-03;1,420958E-04;4,425971E-05;1,277843E-04
9,900000000000E+01;5,005652E-03;3,023348E-04;9,788943E-05;2,752294E-04
9,950000000000E+01;4,695404E-03;2,787304E-04;9,259292E-05;2,561748E-04
1,000000000000E+02;2,811396E-03;1,622569E-04;5,618425E-05;1,515660E-04
1,005000000000E+02;1,563965E-03;8,762196E-05;3,173635E-05;8,287970E-05
1,010000000000E+02;1,868502E-03;1,016055E-04;3,853690E-05;9,752090E-05
1,015000000000E+02;1,581280E-03;8,403196E-05;3,308418E-05;8,179405E-05
1,020000000000E+02;1,020947E-03;5,249251E-05;2,174981E-05;5,209420E-05
1,025000000000E+02;9,518217E-04;4,754656E-05;2,065024E-05;4,801387E-05
1,030000000000E+02;5,161754E-04;2,531879E-05;1,137060E-05;2,599181E-05
1,035000000000E+02;2,022293E-04;9,693607E-06;4,561807E-06;1,009812E-05
1,040000000000E+02;1,131478E-04;5,275605E-06;2,610819E-06;5,609566E-06
1,045000000000E+02;4,311260E-05;1,964881E-06;1,016054E-06;2,120083E-06
1,050000000000E+02;1,866735E-05;8,403666E-07;4,447048E-07;9,237622E-07
1,055000000000E+02;7,014714E-06;3,081128E-07;1,685773E-07;3,518782E-07
1,060000000000E+02;3,689624E-06;1,613090E-07;9,042950E-08;1,869420E-07
1,065000000000E+02;1,542522E-06;6,671381E-08;4,194052E-08;7,569447E-08
1,070000000000E+02;1,789669E-06;7,108645E-08;4,542485E-08;8,152002E-08
1,075000000000E+02;6,195824E-07;2,413840E-08;1,578374E-08;3,439371E-08
1,080000000000E+02;1,753050E-07;8,060794E-09;5,287917E-09;1,473449E-08
1,085000000000E+02;1,071014E-07;5,059730E-09;3,071986E-09;8,284657E-09
1,090000000000E+02;4,945661E-08;3,195448E-09;2,004632E-09;3,254603E-09
1,095000000000E+02;3,772220E-08;2,139591E-09;2,042812E-09;1,397091E-09
1,100000000000E+02;2,623771E-08;1,477557E-09;1,506579E-09;1,430310E-09
1,105000000000E+02;1,503126E-08;1,460588E-09;1,022619E-09;1,621974E-09
1,110000000000E+02;1,000290E-08;1,339785E-09;1,746981E-09;1,261028E-09
1,115000000000E+02;5,837739E-09;1,520075E-09;1,349948E-09;9,238412E-10
1,120000000000E+02;5,430583E-09;1,140630E-09;1,131354E-09;1,090770E-09
1,125000000000E+02;9,637215E-09;9,017845E-10;1,071873E-09;1,577492E-09
1,130000000000E+02;1,140587E-08;9,863012E-10;1,060185E-09;1,205608E-09
1,135000000000E+02;1,139444E-08;9,535933E-10;1,075151E-09;1,016590E-09
1,140000000000E+02;1,282868E-08;8,397830E-10;8,329480E-10;1,789569E-09
1,145000000000E+02;5,613236E-09;9,843864E-10;1,499051E-09;1,519323E-09
1,150000000000E+02;4,323828E-09;1,174388E-09;2,341743E-09;2,154740E-09
1,155000000000E+02;4,589996E-09;1,371959E-09;1,784769E-09;1,761028E-09
1,160000000000E+02;6,607395E-09;1,426923E-09;1,274719E-09;9,152223E-10
1,165000000000E+02;9,552133E-09;1,102743E-09;1,727771E-09;2,098145E-09
1,170000000000E+02;9,994304E-09;1,046960E-09;2,146857E-09;2,840405E-09
1,175000000000E+02;8,809092E-09;1,000188E-09;2,338347E-09;2,445055E-09
1,180000000000E+02;1,008781E-08;1,124315E-09;3,419049E-09;2,814917E-09
1,185000000000E+02;6,743806E-09;9,151769E-10;2,739273E-09;2,065081E-09
1,190000000000E+02;4,459286E-09;9,946884E-10;2,189314E-09;1,966748E-09
1,195000000000E+02;2,852336E-08;1,839011E-09;5,047985E-09;4,642387E-09
1,200000000000E+02;9,603757E-08;3,833246E-09;1,347672E-08;1,437236E-08
1,205000000000E+02;3,141082E-08;1,803807E-09;5,895601E-09;5,168133E-09
1,210000000000E+02;6,942325E-09;1,061476E-09;4,335582E-09;2,466914E-09
1,215000000000E+02;7,280707E-09;1,372405E-09;4,495642E-09;2,917695E-09
1,220000000000E+02;6,322326E-09;2,001050E-09;5,389375E-09;4,219590E-09
1,225000000000E+02;3,915261E-09;1,659876E-09;6,970188E-09;3,539537E-09
1,230000000000E+02;3,830983E-09;1,282179E-09;7,764187E-09;3,757683E-09
1,235000000000E+02;6,331018E-09;1,707301E-09;8,013825E-09;4,995362E-09
1,240000000000E+02;5,368000E-09;1,486077E-09;5,876368E-09;3,254536E-09
1,245000000000E+02;4,729013E-09;2,148406E-09;1,079860E-08;4,747108E-09
1,250000000000E+02;6,129174E-09;2,021570E-09;1,042351E-08;4,233782E-09
1,255000000000E+02;5,115650E-09;1,991041E-09;1,252035E-08;4,407351E-09
1,260000000000E+02;4,904696E-09;2,638983E-09;1,389728E-08;7,022393E-09
1,265000000000E+02;3,905881E-09;5,673712E-09;2,087687E-08;9,743070E-09
1,270000000000E+02;4,042628E-09;6,362201E-09;2,666640E-08;1,147873E-08
1,275000000000E+02;4,628799E-09;4,236338E-09;1,605185E-08;8,193665E-09
1,280000000000E+02;4,554589E-09;3,536474E-09;1,653215E-08;8,830694E-09
1,285000000000E+02;4,758899E-09;4,861742E-09;2,581741E-08;1,562813E-08
1,290000000000E+02;3,499222E-09;8,473070E-09;4,654936E-08;2,841932E-08
1,295000000000E+02;2,491608E-09;8,777533E-09;4,870154E-08;2,675880E-08
1,300000000000E+02;2,338423E-09;1,561077E-08;7,643629E-08;4,002991E-08
1,305000000000E+02;1,837750E-09;1,476433E-08;6,670092E-08;3,476185E-08
1,310000000000E+02;2,491143E-09;1,974816E-08;8,646124E-08;5,052885E-08
1,315000000000E+02;3,541374E-09;1,559098E-08;7,009091E-08;4,415712E-08
1,320000000000E+02;3,717708E-09;2,038212E-08;8,301615E-08;5,272046E-08
1,325000000000E+02;3,912830E-09;3,368197E-08;1,501059E-07;8,777852E-08
1,330000000000E+02;2,496037E-09;4,944959E-08;2,257746E-07;1,357629E-07
1,335000000000E+02;2,525194E-09;6,178940E-08;2,493060E-07;1,574759E-07
1,340000000000E+02;3,008911E-09;9,070365E-08;3,602192E-07;2,331739E-07
1,345000000000E+02;3,684540E-09;1,484006E-07;5,834693E-07;3,866516E-07
1,350000000000E+02;4,129018E-09;9,383380E-08;3,608260E-07;2,351863E-07
1,355000000000E+02;3,853258E-09;9,868288E-08;3,714111E-07;2,465356E-07
1,360000000000E+02;3,924454E-09;1,608247E-07;5,901144E-07;4,119181E-07
1,365000000000E+02;4,521159E-09;2,311344E-07;8,460738E-07;6,048302E-07
1,370000000000E+02;5,882011E-09;4,858034E-07;1,855418E-06;1,330199E-06
1,375000000000E+02;6,527426E-09;8,123872E-07;3,029877E-06;2,193344E-06
1,380000000000E+02;1,053963E-08;1,759350E-06;6,397277E-06;4,755035E-06
1,385000000000E+02;1,828257E-08;2,343949E-06;8,374423E-06;6,340633E-06
1,390000000000E+02;1,946877E-08;2,220243E-06;7,865774E-06;6,156251E-06
1,395000000000E+02;2,867828E-08;3,637900E-06;1,265596E-05;1,011030E-05
1,400000000000E+02;3,118414E-08;3,731525E-06;1,278656E-05;1,036350E-05
1,405000000000E+02;2,459457E-08;3,149984E-06;1,061685E-05;8,814281E-06
1,410000000000E+02;3,017178E-08;4,384773E-06;1,456562E-05;1,232219E-05
1,415000000000E+02;2,599761E-08;3,546286E-06;1,162555E-05;9,984082E-06
1,420000000000E+02;1,603514E-08;2,049147E-06;6,565012E-06;5,829683E-06
1,425000000000E+02;1,494457E-08;2,305381E-06;7,245900E-06;6,567435E-06
1,430000000000E+02;1,190543E-08;1,845012E-06;5,822389E-06;5,316498E-06
1,435000000000E+02;7,815299E-09;1,091531E-06;3,369933E-06;3,180466E-06
1,440000000000E+02;5,431651E-09;7,295051E-07;2,205921E-06;2,115878E-06
1,445000000000E+02;4,779337E-09;5,415283E-07;1,600610E-06;1,567726E-06
1,450000000000E+02;5,008140E-09;5,483955E-07;1,599486E-06;1,591160E-06
1,455000000000E+02;2,676622E-09;3,562488E-07;1,025002E-06;1,028597E-06
1,460000000000E+02;2,156035E-09;3,128609E-07;8,443322E-07;8,836435E-07
1,465000000000E+02;1,456814E-09;1,980769E-07;5,188291E-07;5,695572E-07
1,470000000000E+02;1,938902E-09;1,495232E-07;4,162290E-07;4,560456E-07
1,475000000000E+02;2,196961E-09;1,240245E-07;3,412377E-07;3,941777E-07
1,480000000000E+02;1,394547E-09;1,278444E-07;3,211908E-07;3,899976E-07
1,485000000000E+02;1,255239E-09;8,122608E-08;1,994643E-07;2,474275E-07
1,490000000000E+02;9,975674E-10;5,049174E-08;1,261175E-07;1,548883E-07
1,495000000000E+02;6,935881E-10;6,958675E-08;1,722859E-07;2,085143E-07
1,500000000000E+02;1,116168E-09;1,810252E-07;4,415259E-07;5,348307E-07
1,505000000000E+02;9,015048E-10;6,291937E-08;1,528290E-07;1,866777E-07
1,510000000000E+02;7,721909E-10;1,852990E-08;4,294393E-08;5,621407E-08
1,515000000000E+02;1,084545E-09;1,279554E-08;3,087380E-08;3,901146E-08
1,520000000000E+02;8,788369E-10;1,317376E-08;2,903264E-08;3,541840E-08
1,525000000000E+02;5,645548E-10;1,023247E-08;2,242103E-08;2,952069E-08
1,530000000000E+02;6,830304E-10;9,113958E-09;2,109806E-08;2,712497E-08
1,535000000000E+02;7,849777E-10;7,252666E-09;1,938383E-08;2,093363E-08
1,540000000000E+02;6,248382E-10;9,575228E-09;2,609817E-08;3,343873E-08
1,545000000000E+02;5,717151E-10;9,749290E-09;2,099177E-08;2,981129E-08
1,550000000000E+02;8,519794E-10;9,944721E-09;1,828860E-08;2,632045E-08
1,555000000000E+02;6,063671E-10;5,631854E-09;1,151131E-08;1,638237E-08
1,560000000000E+02;4,527433E-10;5,093856E-09;1,074936E-08;1,537886E-08
1,565000000000E+02;6,477732E-10;5,121547E-09;1,046193E-08;1,701190E-08
1,570000000000E+02;8,839797E-10;5,720497E-09;1,024195E-08;1,910216E-08
1,575000000000E+02;7,091215E-10;5,404777E-09;8,886978E-09;1,771932E-08
1,580000000000E+02;6,872617E-10;4,948262E-09;6,080600E-09;1,218081E-08
1,585000000000E+02;7,963259E-10;5,341988E-09;8,099743E-09;1,308556E-08
1,590000000000E+02;8,609158E-10;3,469127E-09;6,470926E-09;8,956148E-09
1,595000000000E+02;6,545626E-10;4,036305E-09;6,753686E-09;9,845762E-09
1,600000000000E+02;6,915341E-10;3,985432E-09;5,291028E-09;8,702385E-09
1,605000000000E+02;5,010812E-10;2,255894E-09;2,974240E-09;5,181041E-09
1,610000000000E+02;3,591623E-10;2,227038E-09;4,388332E-09;7,508798E-09
1,615000000000E+02;3,712637E-10;2,259781E-09;4,249027E-09;6,872713E-09
1,620000000000E+02;5,174787E-10;1,547436E-09;3,030337E-09;5,130541E-09
1,625000000000E+02;6,196851E-10;2,772223E-09;4,047027E-09;8,510344E-09
1,630000000000E+02;3,662859E-10;2,492843E-09;3,425030E-09;6,460821E-09
1,635000000000E+02;3,234367E-10;2,288395E-09;3,539812E-09;5,318829E-09
1,640000000000E+02;4,918879E-10;3,122404E-09;3,412956E-09;6,995797E-09
1,645000000000E+02;4,990142E-10;2,786818E-09;2,572284E-09;4,878590E-09
1,650000000000E+02;4,157437E-10;2,130442E-09;2,577548E-09;6,034744E-09
1,655000000000E+02;5,540063E-10;2,679351E-09;2,923018E-09;6,515499E-09
1,660000000000E+02;4,919922E-10;2,591187E-09;2,503985E-09;5,693236E-09
1,665000000000E+02;6,733333E-10;1,894299E-09;2,167741E-09;3,647880E-09
1,670000000000E+02;6,690012E-10;2,268463E-09;2,118590E-09;5,869494E-09
1,675000000000E+02;3,968947E-10;2,625304E-09;2,165174E-09;5,272478E-09
1,680000000000E+02;5,401170E-10;1,798472E-09;1,741468E-09;3,217598E-09
1,685000000000E+02;4,745458E-10;1,504172E-09;2,239373E-09;3,454623E-09
1,690000000000E+02;5,332230E-10;1,129629E-09;2,154242E-09;3,609509E-09
1,695000000000E+02;4,833901E-10;1,313847E-09;1,650030E-09;4,416247E-09
1,700000000000E+02;2,607910E-10;7,903295E-10;1,519115E-09;2,075028E-09
1,705000000000E+02;2,955535E-10;7,889643E-10;1,247933E-09;1,356324E-09
1,710000000000E+02;4,335465E-10;9,231684E-10;9,906518E-10;2,400966E-09
1,715000000000E+02;3,692716E-10;9,060171E-10;9,548954E-10;2,648796E-09
1,720000000000E+02;3,618587E-10;5,692044E-10;9,070880E-10;1,655058E-09
1,725000000000E+02;4,508533E-10;6,289101E-10;8,238012E-10;1,710582E-09
1,730000000000E+02;4,504208E-10;7,307366E-10;4,010493E-10;1,625239E-09
1,735000000000E+02;3,195559E-10;6,820643E-10;7,222511E-10;1,593691E-09
1,740000000000E+02;4,158313E-10;8,265474E-10;8,571580E-10;1,175504E-09
1,745000000000E+02;6,006706E-10;1,053424E-09;7,099831E-10;1,345189E-09
1,750000000000E+02;4,220843E-10;9,333492E-10;7,274104E-10;1,446739E-09
1,755000000000E+02;4,891486E-10;6,495289E-10;8,130396E-10;8,420746E-10
1,760000000000E+02;5,531405E-10;6,644897E-10;5,534496E-10;7,498290E-10
1,765000000000E+02;4,404604E-10;5,862111E-10;5,666127E-10;8,715353E-10
1,770000000000E+02;3,301638E-10;4,346190E-10;5,419271E-10;6,585238E-10
1,775000000000E+02;3,067234E-10;2,596302E-10;5,835269E-10;8,173358E-10
1,780000000000E+02;4,535070E-10;3,025225E-10;4,687871E-10;7,211226E-10
1,785000000000E+02;4,222484E-10;5,587815E-10;8,080183E-10;7,499002E-10
1,790000000000E+02;6,468810E-10;4,551859E-10;6,640234E-10;7,491691E-10
1,795000000000E+02;2,177643E-08;1,941785E-09;5,173978E-10;8,249084E-10
1,800000000000E+02;8,351222E-08;6,408439E-09;1,008611E-09;1,422773E-09
1,805000000000E+02;2,071003E-08;1,907404E-09;6,789108E-10;1,096285E-09
1,810000000000E+02;1,920606E-10;4,254375E-10;5,090733E-10;9,082383E-10
1,815000000000E+02;2,493386E-10;3,728456E-10;4,890431E-10;5,936652E-10
1,820000000000E+02;2,347884E-10;4,360869E-10;3,044958E-10;6,040747E-10
1,825000000000E+02;2,361098E-10;5,740611E-10;4,514595E-10;6,786304E-10
1,830000000000E+02;4,593978E-10;3,113720E-10;6,073198E-10;1,001041E-09
1,835000000000E+02;4,684889E-10;4,169463E-10;3,799952E-10;1,451146E-09
1,840000000000E+02;4,318184E-10;3,742940E-10;3,983469E-10;1,145520E-09
1,845000000000E+02;3,973057E-10;3,019318E-10;3,493743E-10;6,748052E-10
1,850000000000E+02;3,109068E-10;3,599781E-10;4,887953E-10;5,682830E-10
1,855000000000E+02;2,544729E-10;4,317783E-10;6,977253E-10;5,620075E-10
1,860000000000E+02;1,851455E-10;5,681582E-10;6,936192E-10;6,867119E-10
1,865000000000E+02;2,171064E-10;6,301862E-10;4,857877E-10;6,693373E-10
1,870000000000E+02;3,619647E-10;7,764790E-10;7,495943E-10;7,432868E-10
1,875000000000E+02;4,543638E-10;5,310494E-10;5,872697E-10;6,855405E-10
1,880000000000E+02;3,924601E-10;6,120572E-10;4,479083E-10;5,035635E-10
1,885000000000E+02;2,524632E-10;3,826728E-10;4,943649E-10;5,452260E-10
1,890000000000E+02;2,992674E-10;5,789098E-10;3,732183E-10;7,636250E-10
1,895000000000E+02;4,600031E-10;4,699870E-10;4,709654E-10;7,915775E-10
1,900000000000E+02;2,482822E-10;5,192886E-10;4,542784E-10;6,083221E-10
1,905000000000E+02;2,030673E-10;5,995212E-10;3,880723E-10;6,731546E-10
1,910000000000E+02;2,765231E-10;4,195176E-10;3,694703E-10;7,177398E-10
1,915000000000E+02;2,293733E-10;4,508169E-10;3,114135E-10;7,229890E-10
1,920000000000E+02;1,444817E-10;3,681249E-10;3,123901E-10;1,027864E-09
1,925000000000E+02;1,848686E-10;5,781696E-10;3,928617E-10;8,361787E-10
1,930000000000E+02;2,432747E-10;6,011660E-10;5,621414E-10;7,224966E-10
1,935000000000E+02;2,462470E-10;1,107635E-09;4,769329E-10;5,908411E-10
1,940000000000E+02;2,262008E-10;8,105111E-10;5,218145E-10;6,821512E-10
1,945000000000E+02;2,195838E-10;5,543825E-10;6,091607E-10;4,943318E-10
1,950000000000E+02;2,881823E-10;5,779290E-10;5,390183E-10;5,183523E-10
1,955000000000E+02;2,081107E-10;6,024277E-10;3,746382E-10;6,896691E-10
1,960000000000E+02;2,626111E-10;8,856624E-10;3,579031E-10;7,876172E-10
1,965000000000E+02;2,616290E-10;1,513071E-09;4,032627E-10;8,697449E-10
1,970000000000E+02;2,448820E-10;1,358545E-09;4,379718E-10;1,113436E-09
1,975000000000E+02;2,263049E-10;1,123651E-09;4,831736E-10;6,955559E-10
1,980000000000E+02;3,663366E-10;9,679610E-10;5,243456E-10;9,463009E-10
1,985000000000E+02;2,960565E-10;1,030901E-09;4,952425E-10;1,275706E-09
1,990000000000E+02;2,194248E-10;1,185212E-09;4,352872E-10;1,283477E-09
1,995000000000E+02;1,936442E-10;9,752971E-10;4,641554E-10;1,103994E-09
2,000000000000E+02;1,962503E-10;1,657045E-09;4,794695E-10;1,207571E-09
2,005000000000E+02;2,502908E-10;1,863825E-09;5,727319E-10;1,229693E-09
2,010000000000E+02;2,960246E-10;1,422568E-09;6,272739E-10;1,465352E-09
2,015000000000E+02;2,329868E-10;1,118367E-09;4,717284E-10;1,227876E-09
2,020000000000E+02;2,195286E-10;1,776076E-09;7,595632E-10;1,115015E-09
2,025000000000E+02;3,835701E-10;1,798973E-09;7,366063E-10;5,635625E-10
2,030000000000E+02;4,601400E-10;2,104565E-09;7,057413E-10;8,327519E-10
2,035000000000E+02;3,841617E-10;3,018901E-09;4,258976E-10;1,159354E-09
2,040000000000E+02;3,631875E-10;4,812764E-09;6,531011E-10;1,368328E-09
2,045000000000E+02;4,998015E-10;3,578768E-09;7,149906E-10;1,058627E-09
2,050000000000E+02;6,428084E-10;4,606934E-09;4,713037E-10;1,447481E-09
2,055000000000E+02;5,849776E-10;6,797817E-09;4,759670E-10;1,874203E-09
2,060000000000E+02;4,180983E-10;2,627941E-09;4,204203E-10;1,063959E-09
2,065000000000E+02;5,277133E-10;1,959814E-09;6,076734E-10;1,055540E-09
2,070000000000E+02;6,016385E-10;3,142193E-09;5,781780E-10;1,166196E-09
2,075000000000E+02;8,565032E-10;3,786655E-09;7,675346E-10;1,148501E-09
2,080000000000E+02;6,614050E-10;4,176281E-09;9,582284E-10;1,384894E-09
2,085000000000E+02;4,771543E-10;4,300897E-09;6,348201E-10;1,631543E-09
2,090000000000E+02;5,814921E-10;6,933862E-09;9,537082E-10;2,759048E-09
2,095000000000E+02;1,240484E-09;7,114418E-09;8,642630E-10;2,238650E-09
2,100000000000E+02;1,014278E-09;1,000672E-08;1,166018E-09;2,147773E-09
2,105000000000E+02;5,900329E-10;1,452155E-08;9,953616E-10;2,211681E-09
2,110000000000E+02;8,276774E-10;1,728961E-08;9,310752E-10;2,821462E-09
2,115000000000E+02;9,954743E-10;2,198401E-08;8,439776E-10;2,876420E-09
2,120000000000E+02;8,741222E-10;1,490981E-08;8,628137E-10;1,827887E-09
2,125000000000E+02;1,190320E-09;2,861558E-08;1,469083E-09;2,677714E-09
2,130000000000E+02;8,457886E-10;2,945271E-08;1,489044E-09;3,132603E-09
2,135000000000E+02;8,532750E-10;2,002228E-08;1,186632E-09;2,250201E-09
2,140000000000E+02;7,044132E-10;1,967800E-08;1,020248E-09;1,872912E-09
2,145000000000E+02;7,530761E-10;1,778952E-08;1,198202E-09;1,778723E-09
2,150000000000E+02;1,095092E-09;1,419202E-08;7,380690E-10;1,870532E-09
2,155000000000E+02;1,017430E-09;2,692553E-08;8,480424E-10;2,640756E-09
2,160000000000E+02;5,496677E-10;2,262054E-08;1,026185E-09;1,719261E-09
2,165000000000E+02;1,117693E-09;1,510968E-08;6,147878E-10;1,014956E-09
2,170000000000E+02;1,569759E-09;1,482408E-08;5,102120E-10;1,125134E-09
2,175000000000E+02;1,006635E-09;1,657083E-08;4,971391E-10;1,355586E-09
2,180000000000E+02;7,303030E-10;1,526957E-08;6,815168E-10;1,085797E-09
2,185000000000E+02;9,877258E-10;1,498070E-08;9,567230E-10;1,486056E-09
2,190000000000E+02;8,016703E-10;1,728838E-08;8,742670E-10;1,743285E-09
2,195000000000E+02;6,695662E-10;1,729768E-08;6,738868E-10;1,159739E-09
2,200000000000E+02;5,617503E-10;9,161906E-09;8,012213E-10;1,038208E-09
2,205000000000E+02;3,584184E-10;1,330053E-08;8,028123E-10;1,062084E-09
2,210000000000E+02;2,790792E-10;2,129024E-08;1,021745E-09;1,500632E-09
2,215000000000E+02;7,682400E-10;1,892038E-08;7,784974E-10;1,474233E-09
2,220000000000E+02;1,220167E-09;1,423328E-08;6,942767E-10;1,213727E-09
2,225000000000E+02;1,239539E-09;1,216326E-08;5,170774E-10;8,586425E-10
2,230000000000E+02;1,735128E-09;1,423636E-08;5,466231E-10;1,096501E-09
2,235000000000E+02;1,681401E-09;9,471362E-09;6,030411E-10;7,042316E-10
2,240000000000E+02;2,981086E-09;8,577618E-09;6,523435E-10;5,105433E-10
2,245000000000E+02;4,374857E-09;1,210204E-08;6,525729E-10;8,545626E-10
2,250000000000E+02;4,024850E-09;8,784502E-09;4,059932E-10;8,746783E-10
2,255000000000E+02;4,128126E-09;5,446540E-09;3,569775E-10;7,739500E-10
2,260000000000E+02;3,939197E-09;7,100550E-09;3,693797E-10;8,941859E-10
2,265000000000E+02;2,408387E-09;5,851300E-09;3,092660E-10;6,388687E-10
2,270000000000E+02;2,912160E-09;3,262250E-09;4,160548E-10;6,187906E-10
2,275000000000E+02;2,695075E-09;3,280905E-09;5,290383E-10;6,328039E-10
2,280000000000E+02;4,075601E-09;4,703085E-09;5,322319E-10;3,726711E-10
2,285000000000E+02;3,551125E-09;4,551745E-09;5,367846E-10;4,443023E-10
2,290000000000E+02;3,358094E-09;4,419000E-09;5,396737E-10;6,874825E-10
2,295000000000E+02;3,768048E-09;3,796016E-09;3,417906E-10;6,818864E-10
2,300000000000E+02;3,276582E-09;4,403003E-09;3,506227E-10;8,067905E-10
2,305000000000E+02;3,486090E-09;4,329760E-09;3,812164E-10;6,895975E-10
2,310000000000E+02;2,510959E-09;3,775344E-09;4,870445E-10;3,960491E-10
2,315000000000E+02;2,250015E-09;3,327203E-09;6,996709E-10;5,441239E-10
2,320000000000E+02;2,054944E-09;2,355342E-09;4,632418E-10;5,097749E-10
2,325000000000E+02;3,894546E-09;3,296992E-09;3,681971E-10;4,055249E-10
2,330000000000E+02;5,409717E-09;4,603133E-09;2,228027E-10;2,887751E-10
2,335000000000E+02;3,570496E-09;3,650627E-09;1,924942E-10;4,379567E-10
2,340000000000E+02;2,633718E-09;5,202446E-09;4,248769E-10;5,995808E-10
2,345000000000E+02;2,992637E-09;3,117483E-09;5,147077E-10;5,366206E-10
2,350000000000E+02;2,983677E-09;2,188740E-09;4,306293E-10;3,578580E-10
2,355000000000E+02;2,063854E-09;4,139502E-09;3,875716E-10;5,577175E-10
2,360000000000E+02;4,053208E-09;4,408418E-09;3,323643E-10;4,289745E-10
2,365000000000E+02;4,248178E-09;3,823133E-09;3,459853E-10;2,450828E-10
2,370000000000E+02;4,554786E-09;3,852780E-09;3,154560E-10;5,148167E-10
2,375000000000E+02;5,759928E-09;2,707685E-09;3,418885E-10;4,009109E-10
2,380000000000E+02;3,579899E-09;3,670852E-09;4,678970E-10;3,020300E-10
2,385000000000E+02;4,147682E-09;6,604206E-09;7,158914E-10;4,853357E-10
2,390000000000E+02;4,020619E-09;5,614507E-09;6,462229E-10;6,783227E-10
2,395000000000E+02;4,155445E-09;4,641455E-09;3,014600E-10;6,609615E-10
2,400000000000E+02;7,067827E-09;3,340496E-09;2,663158E-10;4,797804E-10
2,405000000000E+02;7,828870E-09;4,128780E-09;2,909616E-10;5,121876E-10
2,410000000000E+02;4,473547E-09;2,367496E-09;2,747179E-10;5,789336E-10
2,415000000000E+02;4,426681E-09;1,383402E-09;4,195130E-10;3,432662E-10
2,420000000000E+02;6,023348E-09;1,706886E-09;4,157640E-10;3,628564E-10
2,425000000000E+02;7,493262E-09;2,431662E-09;4,786979E-10;3,465917E-10
2,430000000000E+02;5,645935E-09;2,198688E-09;3,898999E-10;2,976452E-10
2,435000000000E+02;5,717800E-09;2,134366E-09;4,774098E-10;5,225752E-10
2,440000000000E+02;4,462971E-09;2,319487E-09;4,504979E-10;5,935570E-10
2,445000000000E+02;6,164485E-09;1,535202E-09;4,001890E-10;6,505834E-10
2,450000000000E+02;5,486767E-09;1,437191E-09;3,570417E-10;4,725418E-10
2,455000000000E+02;3,884185E-09;1,390560E-09;4,018851E-10;3,206145E-10
2,460000000000E+02;3,905732E-09;1,540000E-09;2,980749E-10;2,736370E-10
2,465000000000E+02;6,149547E-09;1,177984E-09;3,694877E-10;4,056931E-10
2,470000000000E+02;5,801480E-09;8,710726E-10;3,453347E-10;5,725594E-10
2,475000000000E+02;4,598150E-09;9,528104E-10;1,478598E-10;4,863019E-10
2,480000000000E+02;3,963708E-09;1,063365E-09;2,697226E-10;3,268596E-10
2,485000000000E+02;3,582671E-09;8,558432E-10;2,966548E-10;2,113675E-10
2,490000000000E+02;8,291374E-09;7,044371E-10;3,889435E-10;3,169098E-10
2,495000000000E+02;8,034898E-09;7,818038E-10;4,746350E-10;3,880640E-10
2,500000000000E+02;4,831364E-09;5,914993E-10;3,889463E-10;3,615067E-10
2,505000000000E+02;2,640784E-09;8,660055E-10;3,768027E-10;3,103830E-10
2,510000000000E+02;3,262978E-09;1,220478E-09;2,871738E-10;3,098097E-10
2,515000000000E+02;2,848217E-09;1,016193E-09;2,633019E-10;3,385541E-10
2,520000000000E+02;1,942380E-09;7,883743E-10;2,947338E-10;4,447792E-10
2,525000000000E+02;2,389263E-09;5,343727E-10;3,621613E-10;4,530603E-10
2,530000000000E+02;1,731043E-09;4,885981E-10;3,579694E-10;3,312173E-10
2,535000000000E+02;7,537883E-10;5,270482E-10;4,207767E-10;3,299188E-10
2,540000000000E+02;8,706734E-10;5,312079E-10;3,315856E-10;4,175066E-10
2,545000000000E+02;8,271631E-10;4,883178E-10;2,201544E-10;5,205331E-10
2,550000000000E+02;4,837829E-10;5,151344E-10;3,187800E-10;2,988898E-10
2,555000000000E+02;4,584441E-10;6,619125E-10;4,609676E-10;2,492280E-10
2,560000000000E+02;2,968525E-10;5,046631E-10;4,077115E-10;4,277675E-10
2,565000000000E+02;3,414071E-10;4,529447E-10;3,946509E-10;5,793147E-10
2,570000000000E+02;4,467046E-10;5,273341E-10;3,901388E-10;5,842003E-10
2,575000000000E+02;3,761824E-10;4,175296E-10;2,673376E-10;4,247374E-10
2,580000000000E+02;4,503071E-10;5,222003E-10;2,547337E-10;4,987861E-10
2,585000000000E+02;5,253229E-10;5,526289E-10;2,669498E-10;4,004184E-10
2,590000000000E+02;5,240380E-10;7,491562E-10;2,309669E-10;3,866355E-10
2,595000000000E+02;6,675218E-10;4,178874E-10;1,946044E-10;4,107946E-10
2,600000000000E+02;5,413490E-10;3,552405E-10;2,282057E-10;4,386759E-10
2,605000000000E+02;5,894789E-10;4,548561E-10;2,749744E-10;4,015805E-10
2,610000000000E+02;5,606307E-10;3,710885E-10;3,190330E-10;3,852734E-10
2,615000000000E+02;2,758623E-10;2,781052E-10;3,299664E-10;2,708942E-10
2,620000000000E+02;1,913765E-10;2,336453E-10;3,757002E-10;3,033814E-10
2,625000000000E+02;4,324224E-10;4,379129E-10;3,104793E-10;3,266820E-10
2,630000000000E+02;6,221302E-10;3,679045E-10;3,487516E-10;3,096605E-10
2,635000000000E+02;6,463832E-10;2,598644E-10;3,172315E-10;4,658292E-10
2,640000000000E+02;6,672741E-10;2,536628E-10;2,743361E-10;4,410551E-10
2,645000000000E+02;5,111839E-10;3,876025E-10;2,137292E-10;3,422871E-10
2,650000000000E+02;3,703542E-10;5,522392E-10;3,599036E-10;2,365714E-10
2,655000000000E+02;2,067578E-10;5,372355E-10;3,983031E-10;1,864729E-10
2,660000000000E+02;2,935668E-10;5,615162E-10;2,777737E-10;3,828362E-10
2,665000000000E+02;7,102993E-10;5,966300E-10;2,596624E-10;4,695658E-10
2,670000000000E+02;8,199286E-10;3,583986E-10;2,615421E-10;4,669446E-10
2,675000000000E+02;5,736120E-10;2,371439E-10;3,893535E-10;2,884728E-10
2,680000000000E+02;6,587589E-10;3,050521E-10;4,309799E-10;1,870142E-10
2,685000000000E+02;4,999742E-10;4,776725E-10;3,774199E-10;2,786088E-10
2,690000000000E+02;4,199246E-10;4,426774E-10;4,389460E-10;6,460112E-10
2,695000000000E+02;4,781852E-10;3,295396E-10;3,375635E-10;5,948321E-10
2,700000000000E+02;6,354849E-10;2,155929E-10;2,596222E-10;2,559261E-10
2,705000000000E+02;8,541207E-10;2,564829E-10;3,526171E-10;3,092360E-10
2,710000000000E+02;7,127460E-10;2,970926E-10;4,622431E-10;3,511698E-10
2,715000000000E+02;6,234114E-10;2,958186E-10;5,306200E-10;3,777037E-10
2,720000000000E+02;4,239344E-10;3,246057E-10;5,369153E-10;2,591175E-10
2,725000000000E+02;4,097657E-10;3,328124E-10;4,821366E-10;3,013327E-10
2,730000000000E+02;5,268152E-10;3,165523E-10;3,057987E-10;4,004327E-10
2,735000000000E+02;5,080631E-10;2,925195E-10;3,183110E-10;3,390701E-10
2,740000000000E+02;4,443998E-10;1,964700E-10;3,477946E-10;3,250020E-10
2,745000000000E+02;5,360639E-10;2,229824E-10;3,110243E-10;2,057029E-10
2,750000000000E+02;6,081086E-10;2,117865E-10;3,692038E-10;2,613110E-10
2,755000000000E+02;5,718509E-10;3,276671E-10;3,591167E-10;3,234638E-10
2,760000000000E+02;5,353659E-10;2,697056E-10;2,430031E-10;3,380788E-10
2,765000000000E+02;4,433215E-10;1,538346E-10;2,191058E-10;3,552669E-10
2,770000000000E+02;4,697514E-10;3,292467E-10;2,363387E-10;2,943448E-10
2,775000000000E+02;5,720528E-10;5,512450E-10;2,664335E-10;5,046156E-10
2,780000000000E+02;6,214521E-10;5,009287E-10;3,364343E-10;6,194188E-10
2,785000000000E+02;5,436966E-10;4,329244E-10;4,777332E-10;5,654011E-10
2,790000000000E+02;3,654779E-10;4,253678E-10;3,020854E-10;3,390980E-10
2,795000000000E+02;3,461564E-10;3,467503E-10;3,251733E-10;2,980307E-10
2,800000000000E+02;3,186262E-10;2,844436E-10;3,927330E-10;2,606237E-10
2,805000000000E+02;3,500928E-10;5,293044E-10;5,895038E-10;3,121022E-10
2,810000000000E+02;4,309341E-10;7,137703E-10;4,603997E-10;2,826070E-10
2,815000000000E+02;7,949777E-10;3,449900E-10;4,719512E-10;3,954213E-10
2,820000000000E+02;7,030248E-10;4,063312E-10;4,026305E-10;3,550317E-10
2,825000000000E+02;4,270567E-10;6,187414E-10;3,774134E-10;2,092329E-10
2,830000000000E+02;3,529851E-10;5,832947E-10;4,741072E-10;3,054143E-10
2,835000000000E+02;3,682857E-10;4,023478E-10;3,388763E-10;5,260649E-10
2,840000000000E+02;4,532594E-10;4,741069E-10;4,742563E-10;3,473050E-10
2,845000000000E+02;4,989069E-10;4,911271E-10;3,527051E-10;2,767389E-10
2,850000000000E+02;4,953273E-10;5,423500E-10;3,985297E-10;2,459204E-10
2,855000000000E+02;3,524434E-10;3,531138E-10;6,560136E-10;2,677382E-10
2,860000000000E+02;3,850571E-10;2,973483E-10;4,446819E-10;2,543664E-10
2,865000000000E+02;4,450978E-10;3,221622E-10;3,048764E-10;1,716607E-10
2,870000000000E+02;4,891619E-10;3,238822E-10;4,846751E-10;2,839402E-10
2,875000000000E+02;2,968470E-10;4,737786E-10;3,904417E-10;5,691663E-10
2,880000000000E+02;2,406331E-10;4,543400E-10;4,548759E-10;5,202074E-10
2,885000000000E+02;2,052778E-10;3,132526E-10;4,414876E-10;3,758333E-10
2,890000000000E+02;2,936824E-10;3,536229E-10;3,626007E-10;3,723457E-10
2,895000000000E+02;4,272634E-10;3,711814E-10;4,568292E-10;4,907980E-10
2,900000000000E+02;4,411596E-10;3,281406E-10;6,130748E-10;4,647421E-10
2,905000000000E+02;3,269844E-10;3,050725E-10;5,335196E-10;4,129023E-10
2,910000000000E+02;2,219807E-10;3,418726E-10;3,898346E-10;3,591737E-10
2,915000000000E+02;2,272645E-10;2,400341E-10;5,242237E-10;2,885207E-10
2,920000000000E+02;2,668625E-10;3,073826E-10;5,409461E-10;3,756029E-10
2,925000000000E+02;3,935016E-10;3,192614E-10;4,924139E-10;4,915944E-10
2,930000000000E+02;4,966871E-10;4,024939E-10;5,745778E-10;3,652208E-10
2,935000000000E+02;3,021841E-10;5,286752E-10;4,857852E-10;2,380949E-10
2,940000000000E+02;2,557727E-10;5,798829E-10;3,780477E-10;1,825017E-10
2,945000000000E+02;2,738992E-10;3,990928E-10;3,720074E-10;2,859046E-10
2,950000000000E+02;3,445571E-10;4,273373E-10;3,035307E-10;3,948145E-10
2,955000000000E+02;2,379639E-10;4,800289E-10;4,014084E-10;3,345051E-10
2,960000000000E+02;1,843688E-10;5,019010E-10;3,644802E-10;3,636831E-10
2,965000000000E+02;1,684524E-10;3,277827E-10;2,321573E-10;3,154384E-10
2,970000000000E+02;3,037615E-10;3,729728E-10;3,251252E-10;2,110859E-10
2,975000000000E+02;4,481776E-10;4,019044E-10;3,971529E-10;1,831353E-10
2,980000000000E+02;2,716793E-10;3,362975E-10;3,786764E-10;3,242886E-10
2,985000000000E+02;3,552912E-10;3,827131E-10;2,708720E-10;2,875040E-10
2,990000000000E+02;2,742396E-10;3,970582E-10;3,258146E-10;3,472545E-10
2,995000000000E+02;3,302243E-08;2,217602E-09;2,843666E-10;3,600208E-10
3,000000000000E+02;1,235364E-07;7,748419E-09;3,563391E-10;1,673787E-10
3,005000000000E+02;2,987587E-08;2,304762E-09;2,983055E-10;1,417359E-10
3,010000000000E+02;2,449965E-10;2,395930E-10;2,806141E-10;2,585046E-10
3,015000000000E+02;2,471860E-10;2,247327E-10;3,299628E-10;2,494029E-10
3,020000000000E+02;1,715935E-10;2,727942E-10;2,751755E-10;2,979342E-10
3,025000000000E+02;1,438424E-10;2,537251E-10;4,056597E-10;3,641557E-10
3,030000000000E+02;2,936088E-10;2,325748E-10;3,696309E-10;4,030218E-10
3,035000000000E+02;2,742649E-10;3,344263E-10;2,760256E-10;3,995569E-10
3,040000000000E+02;2,371696E-10;3,238110E-10;3,842860E-10;4,002556E-10
3,045000000000E+02;2,405692E-10;2,686914E-10;3,939954E-10;3,854222E-10
3,050000000000E+02;3,347967E-10;3,647279E-10;2,842557E-10;2,775243E-10
3,055000000000E+02;2,111600E-10;3,724562E-10;2,206448E-10;2,483229E-10
3,060000000000E+02;1,365390E-10;3,103106E-10;1,854043E-10;3,480169E-10
3,065000000000E+02;1,447633E-10;3,854293E-10;1,863556E-10;3,592623E-10
3,070000000000E+02;2,521687E-10;3,922835E-10;3,268633E-10;1,540404E-10
3,075000000000E+02;2,182750E-10;2,981742E-10;4,550477E-10;1,997283E-10
3,080000000000E+02;1,159350E-10;1,536304E-10;3,833275E-10;4,707908E-10
3,085000000000E+02;1,299240E-10;1,504575E-10;2,917332E-10;3,043724E-10
3,090000000000E+02;1,955366E-10;1,792781E-10;2,725439E-10;2,393565E-10
3,095000000000E+02;1,955671E-10;2,055836E-10;2,781037E-10;2,958007E-10
3,100000000000E+02;1,188227E-10;3,233699E-10;2,930536E-10;2,932266E-10
3,105000000000E+02;1,516403E-10;3,980503E-10;2,449660E-10;2,564541E-10
3,110000000000E+02;1,376083E-10;2,386323E-10;2,600084E-10;2,262609E-10
3,115000000000E+02;1,380884E-10;2,911240E-10;1,929065E-10;2,977435E-10
3,120000000000E+02;1,595959E-10;2,564599E-10;1,845869E-10;3,161113E-10
3,125000000000E+02;1,785956E-10;2,212737E-10;1,980664E-10;2,088900E-10
3,130000000000E+02;1,412923E-10;3,192647E-10;3,511152E-10;1,590683E-10
3,135000000000E+02;9,868097E-11;3,771132E-10;3,377099E-10;1,879012E-10
3,140000000000E+02;1,504463E-10;3,494386E-10;3,289671E-10;1,984693E-10
3,145000000000E+02;2,180412E-10;3,366662E-10;3,955426E-10;2,576149E-10
3,150000000000E+02;1,886427E-10;3,005630E-10;3,423835E-10;4,300750E-10
3,155000000000E+02;1,742484E-10;2,297574E-10;3,880570E-10;4,316484E-10
3,160000000000E+02;1,414043E-10;2,276980E-10;2,215687E-10;3,832971E-10
3,165000000000E+02;1,481374E-10;3,662780E-10;2,826724E-10;2,712994E-10
3,170000000000E+02;1,323457E-10;3,986377E-10;4,140491E-10;2,776881E-10
3,175000000000E+02;1,484163E-10;3,738429E-10;4,284368E-10;3,325229E-10
3,180000000000E+02;1,739343E-10;2,480441E-10;3,017604E-10;2,300205E-10
3,185000000000E+02;1,208869E-10;1,914605E-10;1,881602E-10;1,892192E-10
3,190000000000E+02;1,582382E-10;2,412820E-10;1,970792E-10;2,435604E-10
3,195000000000E+02;1,514450E-10;3,061636E-10;1,426081E-10;3,039498E-10
3,200000000000E+02;8,413111E-11;3,341543E-10;2,412598E-10;2,471881E-10
3,205000000000E+02;1,156642E-10;2,784813E-10;3,192385E-10;3,328824E-10
3,210000000000E+02;9,840521E-11;2,896513E-10;2,809941E-10;3,731500E-10
3,215000000000E+02;9,205209E-11;3,422710E-10;3,576866E-10;4,362155E-10
3,220000000000E+02;7,457226E-11;3,562848E-10;2,707925E-10;2,719395E-10
3,225000000000E+02;7,835742E-11;2,340982E-10;2,175040E-10;2,114343E-10
3,230000000000E+02;7,171636E-11;2,348378E-10;2,028144E-10;2,474143E-10
3,235000000000E+02;7,652377E-11;2,673590E-10;2,545341E-10;1,862759E-10
3,240000000000E+02;1,660526E-10;2,669545E-10;2,728326E-10;2,766499E-10
3,245000000000E+02;2,223124E-10;2,544858E-10;2,131290E-10;2,483079E-10
3,250000000000E+02;1,200655E-10;2,678576E-10;1,969262E-10;2,013836E-10
3,255000000000E+02;1,156395E-10;2,449765E-10;3,687445E-10;2,245933E-10
3,260000000000E+02;1,138037E-10;3,283316E-10;3,504065E-10;2,199215E-10
3,265000000000E+02;9,617180E-11;3,236137E-10;2,735924E-10;2,668198E-10
3,270000000000E+02;6,835968E-11;2,902425E-10;2,541978E-10;4,078181E-10
3,275000000000E+02;7,082812E-11;4,032882E-10;2,017046E-10;3,344630E-10
3,280000000000E+02;1,151251E-10;3,753215E-10;1,931336E-10;4,110229E-10
3,285000000000E+02;1,371039E-10;4,069976E-10;1,996110E-10;3,613652E-10
3,290000000000E+02;1,524858E-10;3,597323E-10;2,203804E-10;2,628333E-10
3,295000000000E+02;1,347281E-10;3,375300E-10;2,526490E-10;2,692224E-10
3,300000000000E+02;9,267179E-11;3,621145E-10;3,096736E-10;2,601451E-10
3,305000000000E+02;6,497321E-11;2,622439E-10;2,670532E-10;2,851449E-10
3,310000000000E+02;8,384128E-11;2,764475E-10;3,206121E-10;5,318412E-10
3,315000000000E+02;6,611545E-11;3,376976E-10;2,668420E-10;3,810968E-10
3,320000000000E+02;8,200274E-11;4,652878E-10;2,442721E-10;3,483881E-10
3,325000000000E+02;6,609236E-11;3,468012E-10;2,415328E-10;4,132930E-10
3,330000000000E+02;9,630424E-11;2,726737E-10;2,619580E-10;3,541589E-10
3,335000000000E+02;1,019475E-10;2,261037E-10;3,139737E-10;3,151322E-10
3,340000000000E+02;8,698654E-11;4,018418E-10;3,450588E-10;2,544851E-10
3,345000000000E+02;1,002865E-10;2,943597E-10;3,252503E-10;3,216316E-10
3,350000000000E+02;9,526101E-11;2,064325E-10;3,917371E-10;2,445252E-10
3,355000000000E+02;6,832130E-11;3,789586E-10;2,559728E-10;2,397521E-10
3,360000000000E+02;6,529999E-11;3,951162E-10;2,367428E-10;2,675239E-10
3,365000000000E+02;6,817817E-11;3,249538E-10;2,192185E-10;2,569615E-10
3,370000000000E+02;9,132445E-11;3,026704E-10;2,243491E-10;2,518663E-10
3,375000000000E+02;1,068464E-10;2,901147E-10;2,266468E-10;2,570535E-10
3,380000000000E+02;9,444143E-11;3,985303E-10;1,851074E-10;3,129909E-10
3,385000000000E+02;6,102801E-11;3,527958E-10;2,808300E-10;3,455158E-10
3,390000000000E+02;5,911928E-11;3,483213E-10;3,704538E-10;3,206570E-10
3,395000000000E+02;6,496299E-11;2,994548E-10;4,524414E-10;3,467876E-10
3,400000000000E+02;6,067256E-11;3,523666E-10;2,536605E-10;2,578497E-10
3,405000000000E+02;7,027719E-11;4,225775E-10;2,818207E-10;3,086674E-10
3,410000000000E+02;6,793983E-11;2,554909E-10;2,498078E-10;3,993971E-10
3,415000000000E+02;5,324901E-11;3,452328E-10;2,305836E-10;5,522536E-10
3,420000000000E+02;4,898534E-11;4,262574E-10;3,514762E-10;4,711869E-10
3,425000000000E+02;6,362125E-11;4,719452E-10;3,975724E-10;4,913422E-10
3,430000000000E+02;5,163270E-11;5,157639E-10;3,281446E-10;3,657163E-10
3,435000000000E+02;4,034839E-11;7,048513E-10;4,081403E-10;5,114207E-10
3,440000000000E+02;4,913616E-11;5,612121E-10;4,087036E-10;5,646485E-10
3,445000000000E+02;5,437687E-11;5,588556E-10;5,632615E-10;4,021875E-10
3,450000000000E+02;6,880107E-11;6,412793E-10;5,227334E-10;5,610070E-10
3,455000000000E+02;7,488415E-11;4,189095E-10;3,746638E-10;6,305059E-10
3,460000000000E+02;6,458727E-11;4,283283E-10;3,323252E-10;4,804283E-10
3,465000000000E+02;7,997610E-11;6,482942E-10;4,862487E-10;6,044679E-10
3,470000000000E+02;5,280673E-11;5,045611E-10;5,162845E-10;5,353051E-10
3,475000000000E+02;6,274017E-11;7,326874E-10;4,116395E-10;3,109650E-10
3,480000000000E+02;6,339308E-11;9,577357E-10;3,452701E-10;2,540521E-10
3,485000000000E+02;5,160551E-11;1,198861E-09;3,979634E-10;6,773753E-10
3,490000000000E+02;7,253158E-11;6,808379E-10;3,763438E-10;5,820308E-10
3,495000000000E+02;6,978878E-11;4,100856E-10;2,374378E-10;4,295929E-10
3,500000000000E+02;7,276618E-11;4,155815E-10;3,605185E-10;7,145954E-10
3,505000000000E+02;9,737632E-11;5,943768E-10;5,453248E-10;7,686787E-10
3,510000000000E+02;1,085278E-10;8,504001E-10;4,808405E-10;7,930515E-10
3,515000000000E+02;9,435977E-11;6,760780E-10;4,612732E-10;6,221990E-10
3,520000000000E+02;7,495952E-11;6,936598E-10;4,484387E-10;6,697866E-10
3,525000000000E+02;6,755555E-11;1,053188E-09;8,351136E-10;6,853059E-10
3,530000000000E+02;1,037912E-10;1,207715E-09;5,600054E-10;5,442364E-10
3,535000000000E+02;1,029138E-10;1,056551E-09;5,107115E-10;6,614542E-10
3,540000000000E+02;4,828898E-11;8,038887E-10;6,207037E-10;7,454429E-10
3,545000000000E+02;4,413137E-11;5,768221E-10;6,642387E-10;8,068135E-10
3,550000000000E+02;6,882861E-11;7,405054E-10;5,688412E-10;8,575468E-10
3,555000000000E+02;5,852416E-11;1,005297E-09;6,309990E-10;9,263375E-10
3,560000000000E+02;6,321523E-11;1,137751E-09;4,465698E-10;5,861907E-10
3,565000000000E+02;9,124788E-11;1,083356E-09;4,616556E-10;6,241447E-10
3,570000000000E+02;8,643590E-11;1,514704E-09;5,048519E-10;8,000554E-10
3,575000000000E+02;1,154960E-10;9,231759E-10;5,047585E-10;6,723983E-10
3,580000000000E+02;1,270413E-10;7,462529E-10;7,009175E-10;8,217942E-10
3,585000000000E+02;1,187949E-10;1,027948E-09;8,364632E-10;1,135995E-09
3,590000000000E+02;1,296228E-10;9,921083E-10;7,107550E-10;9,648973E-10
3,595000000000E+02;3,213001E-10;1,076009E-09;8,479971E-10;8,500352E-10
3,600000000000E+02;7,970093E-10;1,227730E-09;6,605924E-10;6,584679E-10
3,605000000000E+02;2,823140E-10;1,330392E-09;4,035779E-10;6,435998E-10
3,610000000000E+02;8,725536E-11;1,127002E-09;4,360424E-10;7,921987E-10
3,615000000000E+02;9,529749E-11;7,683259E-10;5,820266E-10;8,974455E-10
3,620000000000E+02;1,010211E-10;7,542733E-10;6,298552E-10;5,243356E-10
3,625000000000E+02;1,126735E-10;8,076508E-10;6,033031E-10;3,166262E-10
3,630000000000E+02;1,157877E-10;1,111849E-09;5,109684E-10;7,513800E-10
3,635000000000E+02;1,142814E-10;1,520368E-09;6,344627E-10;1,061103E-09
3,640000000000E+02;1,572495E-10;1,481125E-09;7,100235E-10;8,397829E-10
3,645000000000E+02;1,210967E-10;9,943661E-10;7,043626E-10;7,387412E-10
3,650000000000E+02;1,057847E-10;9,024290E-10;4,125944E-10;6,547078E-10
3,655000000000E+02;1,036058E-10;9,785091E-10;4,207788E-10;4,680545E-10
3,660000000000E+02;1,341377E-10;1,132032E-09;6,515618E-10;8,832088E-10
3,665000000000E+02;1,000437E-10;8,882806E-10;4,638729E-10;8,977719E-10
3,670000000000E+02;1,310334E-10;9,109664E-10;3,510288E-10;6,180342E-10
3,675000000000E+02;9,022779E-11;1,127651E-09;3,737742E-10;5,150190E-10
3,680000000000E+02;6,416277E-11;1,017288E-09;5,669302E-10;6,973332E-10
3,685000000000E+02;7,730289E-11;7,625948E-10;6,233540E-10;7,323425E-10
3,690000000000E+02;9,267126E-11;7,653652E-10;4,833264E-10;7,065443E-10
3,695000000000E+02;1,075416E-10;9,174663E-10;3,894727E-10;5,449141E-10
3,700000000000E+02;8,614374E-11;9,368891E-10;3,095650E-10;5,003846E-10
3,705000000000E+02;9,271334E-11;5,326317E-10;2,883725E-10;4,383167E-10
3,710000000000E+02;6,813026E-11;5,533727E-10;3,925346E-10;4,003018E-10
3,715000000000E+02;1,105842E-10;5,154444E-10;4,329916E-10;4,845204E-10
3,720000000000E+02;1,155062E-10;5,930244E-10;3,399236E-10;5,704792E-10
3,725000000000E+02;1,481581E-10;6,615150E-10;4,390928E-10;4,489578E-10
3,730000000000E+02;1,590059E-10;6,811195E-10;2,858312E-10;3,793441E-10
3,735000000000E+02;1,154793E-10;5,806042E-10;1,958615E-10;3,054782E-10
3,740000000000E+02;1,954875E-10;4,419430E-10;2,139047E-10;2,459833E-10
3,745000000000E+02;2,870474E-10;4,143729E-10;2,116332E-10;2,967056E-10
3,750000000000E+02;3,538787E-10;5,716272E-10;2,692755E-10;3,012134E-10
3,755000000000E+02;3,349794E-10;3,384108E-10;3,294045E-10;2,485870E-10
3,760000000000E+02;2,405706E-10;3,747674E-10;3,054274E-10;2,538488E-10
3,765000000000E+02;2,122288E-10;3,233978E-10;2,639265E-10;2,593240E-10
3,770000000000E+02;1,931693E-10;3,068359E-10;1,447424E-10;3,092453E-10
3,775000000000E+02;1,450863E-10;2,789560E-10;1,410297E-10;2,823809E-10
3,780000000000E+02;2,362160E-10;4,086231E-10;2,459059E-10;3,006680E-10
3,785000000000E+02;3,079081E-10;4,218821E-10;1,753941E-10;3,228454E-10
3,790000000000E+02;3,044081E-10;3,740115E-10;3,215694E-10;2,908094E-10
3,795000000000E+02;2,957584E-10;4,175434E-10;4,054211E-10;3,638821E-10
3,800000000000E+02;3,239982E-10;6,279602E-10;3,657339E-10;4,955117E-10
3,805000000000E+02;3,474737E-10;4,463324E-10;3,762938E-10;2,914417E-10
3,810000000000E+02;2,503387E-10;3,332364E-10;2,907075E-10;2,960154E-10
3,815000000000E+02;2,135273E-10;3,523866E-10;3,040307E-10;3,281294E-10
3,820000000000E+02;1,909425E-10;3,412766E-10;5,091206E-10;2,847156E-10
3,825000000000E+02;2,656400E-10;5,071615E-10;3,732313E-10;2,345709E-10
3,830000000000E+02;4,568780E-10;5,548416E-10;2,129285E-10;2,754308E-10
3,835000000000E+02;3,067130E-10;2,256668E-10;2,330369E-10;2,302407E-10
3,840000000000E+02;1,626631E-10;2,331681E-10;2,502945E-10;3,446957E-10
3,845000000000E+02;1,893876E-10;3,026281E-10;2,701726E-10;4,237641E-10
3,850000000000E+02;2,817781E-10;3,756997E-10;2,700890E-10;3,136725E-10
3,855000000000E+02;1,947345E-10;3,709782E-10;3,704655E-10;3,170379E-10
3,860000000000E+02;2,721023E-10;2,147216E-10;3,149864E-10;3,330789E-10
3,865000000000E+02;2,652961E-10;3,245826E-10;1,308480E-10;2,231534E-10
3,870000000000E+02;2,745126E-10;5,137952E-10;1,921520E-10;2,833293E-10
3,875000000000E+02;3,663417E-10;3,702784E-10;2,495268E-10;3,171762E-10
3,880000000000E+02;2,515542E-10;3,479599E-10;1,491079E-10;3,584268E-10
3,885000000000E+02;2,858140E-10;3,062888E-10;2,022921E-10;3,666070E-10
3,890000000000E+02;2,896610E-10;3,552856E-10;2,384185E-10;2,173917E-10
3,895000000000E+02;2,552937E-10;3,508079E-10;1,705714E-10;1,796048E-10
3,900000000000E+02;4,409897E-10;3,263727E-10;2,348660E-10;1,917354E-10
3,905000000000E+02;4,744694E-10;4,457239E-10;2,709571E-10;2,125379E-10
3,910000000000E+02;3,107602E-10;3,638482E-10;2,403446E-10;2,062307E-10
3,915000000000E+02;3,444865E-10;4,038930E-10;2,930635E-10;1,636664E-10
3,920000000000E+02;3,481377E-10;3,299945E-10;2,831541E-10;2,960319E-10
3,925000000000E+02;3,926268E-10;1,982679E-10;3,835372E-10;3,855131E-10
3,930000000000E+02;4,481555E-10;2,943178E-10;2,609826E-10;3,499341E-10
3,935000000000E+02;4,691197E-10;3,871085E-10;2,744675E-10;2,659025E-10
3,940000000000E+02;3,425172E-10;1,745647E-10;3,030263E-10;2,057013E-10
3,945000000000E+02;4,376611E-10;2,793586E-10;2,879571E-10;2,887710E-10
3,950000000000E+02;4,754130E-10;2,691175E-10;2,863215E-10;4,092647E-10
3,955000000000E+02;3,178805E-10;2,356726E-10;2,982105E-10;4,260958E-10
3,960000000000E+02;2,366392E-10;1,973865E-10;4,472036E-10;3,652360E-10
3,965000000000E+02;3,829890E-10;2,832845E-10;5,143282E-10;2,480076E-10
3,970000000000E+02;3,872830E-10;3,119039E-10;3,979988E-10;2,309018E-10
3,975000000000E+02;3,178241E-10;3,234939E-10;3,005467E-10;2,967457E-10
3,980000000000E+02;3,150847E-10;3,720463E-10;2,105587E-10;3,612976E-10
3,985000000000E+02;3,585819E-10;3,239008E-10;2,139724E-10;2,869548E-10
3,990000000000E+02;6,843964E-10;3,855344E-10;1,733336E-10;2,670628E-10
3,995000000000E+02;6,408862E-10;3,680765E-10;2,246378E-10;2,930259E-10
4,000000000000E+02;3,730647E-10;2,315055E-10;2,180028E-10;2,506817E-10
